Port Blair,Port Blair H.O,744101,Port Blair,SOUTH ANDAMAN,ANDAMAN & NICOBAR ISLANDS
Delanipur,Haddo S.O,744102,Port Blair,SOUTH ANDAMAN,ANDAMAN & NICOBAR ISLANDS
Port Blair,Radio Colony B.O,744102,Port Blair,SOUTH ANDAMAN,ANDAMAN & NICOBAR ISLANDS
Prem Nagar,Haddo S.O,744102,Port Blair,SOUTH ANDAMAN,ANDAMAN & NICOBAR ISLANDS
Port Blair,Haddo S.O,744102,Port Blair,SOUTH ANDAMAN,ANDAMAN & NICOBAR ISLANDS
AIR Complex,Radio Colony B.O,744102,Port Blair,SOUTH ANDAMAN,ANDAMAN & NICOBAR ISLANDS
Anarkali Basti,Haddo S.O,744102,Port Blair,SOUTH ANDAMAN,ANDAMAN & NICOBAR ISLANDS
Buniyadabad,Haddo S.O,744102,Port Blair,SOUTH ANDAMAN,ANDAMAN & NICOBAR ISLANDS
Chatham,Haddo S.O,744102,Port Blair,SOUTH ANDAMAN,ANDAMAN & NICOBAR ISLANDS
Lillypur,Haddo S.O,744102,Port Blair,SOUTH ANDAMAN,ANDAMAN & NICOBAR ISLANDS
Crakabad,Chouldari B.O,744103,Port Blair,SOUTH ANDAMAN,ANDAMAN & NICOBAR ISLANDS
Guptapara (RV),Guptapara B.O,744103,Ferrargunj,SOUTH ANDAMAN,ANDAMAN & NICOBAR ISLANDS
Hobdipur (RV),Tushnabad B.O,744103,Ferrargunj,SOUTH ANDAMAN,ANDAMAN & NICOBAR ISLANDS
kamrajnagar,Brijgunj B.O,744103,Port Blair,SOUTH ANDAMAN,ANDAMAN & NICOBAR ISLANDS
Manjeri (RV) & Line Dera (FC),Guptapara B.O,744103,Ferrargunj,SOUTH ANDAMAN,ANDAMAN & NICOBAR ISLANDS
Tirur III (JPPC),Herbertabad B.O,744103,Ferrargunj,SOUTH ANDAMAN,ANDAMAN & NICOBAR ISLANDS
10 No Basti,Chouldari B.O,744103,Port Blair,SOUTH ANDAMAN,ANDAMAN & NICOBAR ISLANDS
Badmas Pahar,Chouldari B.O,744103,Port Blair,SOUTH ANDAMAN,ANDAMAN & NICOBAR ISLANDS
Chouldari (RV),Chouldari B.O,744103,Ferrargunj,SOUTH ANDAMAN,ANDAMAN & NICOBAR ISLANDS
Dhanikhari (RV),Guptapara B.O,744103,Ferrargunj,SOUTH ANDAMAN,ANDAMAN & NICOBAR ISLANDS
Nayashahar (EFA),Guptapara B.O,744103,Ferrargunj,SOUTH ANDAMAN,ANDAMAN & NICOBAR ISLANDS
Port Mourt,Chouldari B.O,744103,Port Blair,SOUTH ANDAMAN,ANDAMAN & NICOBAR ISLANDS
Tirur (RV),Herbertabad B.O,744103,Ferrargunj,SOUTH ANDAMAN,ANDAMAN & NICOBAR ISLANDS
Tusnabad (RV),Tushnabad B.O,744103,Ferrargunj,SOUTH ANDAMAN,ANDAMAN & NICOBAR ISLANDS
Dhanikhadi village,Chouldari B.O,744103,Port Blair,SOUTH ANDAMAN,ANDAMAN & NICOBAR ISLANDS
Dollygunj (RV),School Line B.O,744103,Port Blair,SOUTH ANDAMAN,ANDAMAN & NICOBAR ISLANDS
Goalghar part,Junglighat S.O,744103,Port Blair,SOUTH ANDAMAN,ANDAMAN & NICOBAR ISLANDS
Guptapara I II III,Guptapara B.O,744103,Ferrargunj,SOUTH ANDAMAN,ANDAMAN & NICOBAR ISLANDS
Herbertabad (RV),Herbertabad B.O,744103,Ferrargunj,SOUTH ANDAMAN,ANDAMAN & NICOBAR ISLANDS
Lall Pahar,Chouldari B.O,744103,Port Blair,SOUTH ANDAMAN,ANDAMAN & NICOBAR ISLANDS
Maymyo (RV),Wandoor B.O,744103,Ferrargunj,SOUTH ANDAMAN,ANDAMAN & NICOBAR ISLANDS
Muslim Basti (RV),Tushnabad B.O,744103,Ferrargunj,SOUTH ANDAMAN,ANDAMAN & NICOBAR ISLANDS
Pongi Balu (FC) & Bada Balu (EFA),Guptapara B.O,744103,Ferrargunj,SOUTH ANDAMAN,ANDAMAN & NICOBAR ISLANDS
Port Mourt Jetty,Chouldari B.O,744103,Port Blair,SOUTH ANDAMAN,ANDAMAN & NICOBAR ISLANDS
Tirur (JA),Herbertabad B.O,744103,Ferrargunj,SOUTH ANDAMAN,ANDAMAN & NICOBAR ISLANDS
V I P Road,Junglighat S.O,744103,Port Blair,SOUTH ANDAMAN,ANDAMAN & NICOBAR ISLANDS
Wandur (RV),Wandoor B.O,744103,Ferrargunj,SOUTH ANDAMAN,ANDAMAN & NICOBAR ISLANDS
Austinabad,Brijgunj B.O,744103,Port Blair,SOUTH ANDAMAN,ANDAMAN & NICOBAR ISLANDS
Bloosmbad,Chouldari B.O,744103,Port Blair,SOUTH ANDAMAN,ANDAMAN & NICOBAR ISLANDS
Flat Bay (RV),Ograbanj B.O,744103,Ferrargunj,SOUTH ANDAMAN,ANDAMAN & NICOBAR ISLANDS
Hashmatabad (RV),Wandoor B.O,744103,Ferrargunj,SOUTH ANDAMAN,ANDAMAN & NICOBAR ISLANDS
Maymyo (EFA),Wandoor B.O,744103,Ferrargunj,SOUTH ANDAMAN,ANDAMAN & NICOBAR ISLANDS
Mohwa Dera (RV),Tushnabad B.O,744103,Ferrargunj,SOUTH ANDAMAN,ANDAMAN & NICOBAR ISLANDS
Port Blair,Junglighat S.O,744103,Port Blair,SOUTH ANDAMAN,ANDAMAN & NICOBAR ISLANDS
Tirur I (JPPC),Herbertabad B.O,744103,Ferrargunj,SOUTH ANDAMAN,ANDAMAN & NICOBAR ISLANDS
Tirur IV (JPPC),Herbertabad B.O,744103,Ferrargunj,SOUTH ANDAMAN,ANDAMAN & NICOBAR ISLANDS
Anjali Nallaha (JPPC),Tushnabad B.O,744103,Ferrargunj,SOUTH ANDAMAN,ANDAMAN & NICOBAR ISLANDS
Colinpur (RV),Herbertabad B.O,744103,Ferrargunj,SOUTH ANDAMAN,ANDAMAN & NICOBAR ISLANDS
Craikabad (RV),Ograbanj B.O,744103,Ferrargunj,SOUTH ANDAMAN,ANDAMAN & NICOBAR ISLANDS
Hashmatabad (EFA),Wandoor B.O,744103,Ferrargunj,SOUTH ANDAMAN,ANDAMAN & NICOBAR ISLANDS
Mithakhari (RV),Ograbanj B.O,744103,Ferrargunj,SOUTH ANDAMAN,ANDAMAN & NICOBAR ISLANDS
Nimbu Bagicha,Chouldari B.O,744103,Port Blair,SOUTH ANDAMAN,ANDAMAN & NICOBAR ISLANDS
prothrapur,Brijgunj B.O,744103,Port Blair,SOUTH ANDAMAN,ANDAMAN & NICOBAR ISLANDS
Brichgunj (RV),Brijgunj B.O,744103,Port Blair,SOUTH ANDAMAN,ANDAMAN & NICOBAR ISLANDS
calicut,Brijgunj B.O,744103,Port Blair,SOUTH ANDAMAN,ANDAMAN & NICOBAR ISLANDS
Cinque Island (WLS),Wandoor B.O,744103,Port Blair,SOUTH ANDAMAN,ANDAMAN & NICOBAR ISLANDS
Lamba Lane,Junglighat S.O,744103,Port Blair,SOUTH ANDAMAN,ANDAMAN & NICOBAR ISLANDS
Manpur (RV),Herbertabad B.O,744103,Ferrargunj,SOUTH ANDAMAN,ANDAMAN & NICOBAR ISLANDS
Naya Basti,Chouldari B.O,744103,Port Blair,SOUTH ANDAMAN,ANDAMAN & NICOBAR ISLANDS
Pahargaon part (RV),School Line B.O,744103,Port Blair,SOUTH ANDAMAN,ANDAMAN & NICOBAR ISLANDS
Ranchi Basti,Junglighat S.O,744103,Port Blair,SOUTH ANDAMAN,ANDAMAN & NICOBAR ISLANDS
Bachara Pahar,Chouldari B.O,744103,Port Blair,SOUTH ANDAMAN,ANDAMAN & NICOBAR ISLANDS
Junglighat Basti,Junglighat S.O,744103,Port Blair,SOUTH ANDAMAN,ANDAMAN & NICOBAR ISLANDS
Minnie Bay part (RV),School Line B.O,744103,Port Blair,SOUTH ANDAMAN,ANDAMAN & NICOBAR ISLANDS
Sunami Shellter,Chouldari B.O,744103,Port Blair,SOUTH ANDAMAN,ANDAMAN & NICOBAR ISLANDS
Brookshabad part (RV),Brijgunj B.O,744103,Port Blair,SOUTH ANDAMAN,ANDAMAN & NICOBAR ISLANDS
Dairy Farm,Junglighat S.O,744103,Port Blair,SOUTH ANDAMAN,ANDAMAN & NICOBAR ISLANDS
Deen Street,Junglighat S.O,744103,Port Blair,SOUTH ANDAMAN,ANDAMAN & NICOBAR ISLANDS
Lohabarrack,Chouldari B.O,744103,Port Blair,SOUTH ANDAMAN,ANDAMAN & NICOBAR ISLANDS
Manglutan,Guptapara B.O,744103,Ferrargunj,SOUTH ANDAMAN,ANDAMAN & NICOBAR ISLANDS
Ograbraij (RV),Ograbanj B.O,744103,Ferrargunj,SOUTH ANDAMAN,ANDAMAN & NICOBAR ISLANDS
School Line part (RV),School Line B.O,744103,Port Blair,SOUTH ANDAMAN,ANDAMAN & NICOBAR ISLANDS
Temple Myo (RV),Herbertabad B.O,744103,Ferrargunj,SOUTH ANDAMAN,ANDAMAN & NICOBAR ISLANDS
Lakshmanpur (RV),Neil Island B.O,744104,Port Blair,SOUTH ANDAMAN,ANDAMAN & NICOBAR ISLANDS
Marine Hill,Aberdeen Bazar S.O,744104,Port Blair,SOUTH ANDAMAN,ANDAMAN & NICOBAR ISLANDS
Ram Nagar (RV),Sitapur B.O,744104,Port Blair,SOUTH ANDAMAN,ANDAMAN & NICOBAR ISLANDS
Atlanta Point,Aberdeen Bazar S.O,744104,Port Blair,SOUTH ANDAMAN,ANDAMAN & NICOBAR ISLANDS
Ram Nagar (RV),Neil Island B.O,744104,Port Blair,SOUTH ANDAMAN,ANDAMAN & NICOBAR ISLANDS
Bharatpur (RV),Neil Island B.O,744104,Port Blair,SOUTH ANDAMAN,ANDAMAN & NICOBAR ISLANDS
Neil Kendra (RV),Neil Island B.O,744104,Port Blair,SOUTH ANDAMAN,ANDAMAN & NICOBAR ISLANDS
Port Blair,Aberdeen Bazar S.O,744104,Port Blair,SOUTH ANDAMAN,ANDAMAN & NICOBAR ISLANDS
Dignabad,Aberdeen Bazar S.O,744104,Port Blair,SOUTH ANDAMAN,ANDAMAN & NICOBAR ISLANDS
Sitapur (RV),Sitapur B.O,744104,Port Blair,SOUTH ANDAMAN,ANDAMAN & NICOBAR ISLANDS
Chidiyatapu (RV),Beodnabad B.O,744105,Port Blair,SOUTH ANDAMAN,ANDAMAN & NICOBAR ISLANDS
Garacharma School,Garacharama S.O,744105,Port Blair,SOUTH ANDAMAN,ANDAMAN & NICOBAR ISLANDS
Makkapahar,Beodnabad B.O,744105,Port Blair,SOUTH ANDAMAN,ANDAMAN & NICOBAR ISLANDS
Munda Pahar (EFA),Bimbiton B.O,744105,Port Blair,SOUTH ANDAMAN,ANDAMAN & NICOBAR ISLANDS
North Sentinel Island (SA),Rutland B.O,744105,Port Blair,SOUTH ANDAMAN,ANDAMAN & NICOBAR ISLANDS
Sivaji Housing colony,Garacharama S.O,744105,Port Blair,SOUTH ANDAMAN,ANDAMAN & NICOBAR ISLANDS
Teylorabad (RV),Garacharama S.O,744105,Port Blair,SOUTH ANDAMAN,ANDAMAN & NICOBAR ISLANDS
Teyralabad village,Calicut B.O,744105,Port Blair,SOUTH ANDAMAN,ANDAMAN & NICOBAR ISLANDS
Bada Khari (FC),Rutland B.O,744105,Port Blair,SOUTH ANDAMAN,ANDAMAN & NICOBAR ISLANDS
Chidiyatapu (WLS),Bimbiton B.O,744105,Port Blair,SOUTH ANDAMAN,ANDAMAN & NICOBAR ISLANDS
Nayashahar (RV),Humferygunj B.O,744105,Ferrargunj,SOUTH ANDAMAN,ANDAMAN & NICOBAR ISLANDS
Pathergudda,Garacharama S.O,744105,Port Blair,SOUTH ANDAMAN,ANDAMAN & NICOBAR ISLANDS
Sippighat (RV),Sippighat B.O,744105,Port Blair,SOUTH ANDAMAN,ANDAMAN & NICOBAR ISLANDS
Calicut (RV),Calicut B.O,744105,Port Blair,SOUTH ANDAMAN,ANDAMAN & NICOBAR ISLANDS
Dhanikhari (RV),Humferygunj B.O,744105,Ferrargunj,SOUTH ANDAMAN,ANDAMAN & NICOBAR ISLANDS
Makkapahar,Calicut B.O,744105,Port Blair,SOUTH ANDAMAN,ANDAMAN & NICOBAR ISLANDS
Rutland (RV),Rutland B.O,744105,Port Blair,SOUTH ANDAMAN,ANDAMAN & NICOBAR ISLANDS
Bada Nallaha/Bada Balu (EFA),Bimbiton B.O,744105,Port Blair,SOUTH ANDAMAN,ANDAMAN & NICOBAR ISLANDS
Beadnabad (RV),Beodnabad B.O,744105,Port Blair,SOUTH ANDAMAN,ANDAMAN & NICOBAR ISLANDS
Kalapathar village,Sippighat B.O,744105,Port Blair,SOUTH ANDAMAN,ANDAMAN & NICOBAR ISLANDS
Kamodnagar,Calicut B.O,744105,Port Blair,SOUTH ANDAMAN,ANDAMAN & NICOBAR ISLANDS
Manglutan (EFA),Humferygunj B.O,744105,Ferrargunj,SOUTH ANDAMAN,ANDAMAN & NICOBAR ISLANDS
Manglutan (RV),Humferygunj B.O,744105,Ferrargunj,SOUTH ANDAMAN,ANDAMAN & NICOBAR ISLANDS
Rangachang (RV),Beodnabad B.O,744105,Port Blair,SOUTH ANDAMAN,ANDAMAN & NICOBAR ISLANDS
Rangachang (RV),Bimbiton B.O,744105,Port Blair,SOUTH ANDAMAN,ANDAMAN & NICOBAR ISLANDS
Garacharama Basti,Garacharama S.O,744105,Port Blair,SOUTH ANDAMAN,ANDAMAN & NICOBAR ISLANDS
Lall Mati,Beodnabad B.O,744105,Port Blair,SOUTH ANDAMAN,ANDAMAN & NICOBAR ISLANDS
Makkapahar,Bimbiton B.O,744105,Port Blair,SOUTH ANDAMAN,ANDAMAN & NICOBAR ISLANDS
Vivekanadapur Colony,Garacharama S.O,744105,Port Blair,SOUTH ANDAMAN,ANDAMAN & NICOBAR ISLANDS
Bamboo Nallaha(EFA) incl. Kichad Nallaha(EFA),Rutland B.O,744105,Port Blair,SOUTH ANDAMAN,ANDAMAN & NICOBAR ISLANDS
Barood godown,Calicut B.O,744105,Port Blair,SOUTH ANDAMAN,ANDAMAN & NICOBAR ISLANDS
Beodnabad RV,Beodnabad B.O,744105,Port Blair,SOUTH ANDAMAN,ANDAMAN & NICOBAR ISLANDS
Bimliton,Garacharama S.O,744105,Port Blair,SOUTH ANDAMAN,ANDAMAN & NICOBAR ISLANDS
Bird line,Calicut B.O,744105,Port Blair,SOUTH ANDAMAN,ANDAMAN & NICOBAR ISLANDS
calicut 1 to 5,Calicut B.O,744105,Port Blair,SOUTH ANDAMAN,ANDAMAN & NICOBAR ISLANDS
Chitambaram Colony,Garacharama S.O,744105,Port Blair,SOUTH ANDAMAN,ANDAMAN & NICOBAR ISLANDS
Dhanikhadi village,Sippighat B.O,744105,Port Blair,SOUTH ANDAMAN,ANDAMAN & NICOBAR ISLANDS
Homfreygunj (RV),Humferygunj B.O,744105,Ferrargunj,SOUTH ANDAMAN,ANDAMAN & NICOBAR ISLANDS
Prothrapur (RV),Garacharama S.O,744105,Port Blair,SOUTH ANDAMAN,ANDAMAN & NICOBAR ISLANDS
Vinaga colony,Garacharama S.O,744105,Port Blair,SOUTH ANDAMAN,ANDAMAN & NICOBAR ISLANDS
Bathubasti,Garacharama S.O,744105,Port Blair,SOUTH ANDAMAN,ANDAMAN & NICOBAR ISLANDS
Bimilitan (RV) & Kodiyaghat,Bimbiton B.O,744105,Port Blair,SOUTH ANDAMAN,ANDAMAN & NICOBAR ISLANDS
Chidiyatapu (RV),Bimbiton B.O,744105,Port Blair,SOUTH ANDAMAN,ANDAMAN & NICOBAR ISLANDS
Chidiyatapu (WLS),Beodnabad B.O,744105,Port Blair,SOUTH ANDAMAN,ANDAMAN & NICOBAR ISLANDS
pahargaon,Garacharama S.O,744105,Port Blair,SOUTH ANDAMAN,ANDAMAN & NICOBAR ISLANDS
R.M.Point (FC),Rutland B.O,744105,Port Blair,SOUTH ANDAMAN,ANDAMAN & NICOBAR ISLANDS
Teyralabad village,Sippighat B.O,744105,Port Blair,SOUTH ANDAMAN,ANDAMAN & NICOBAR ISLANDS
Garacharma,Garacharama S.O,744105,Port Blair,SOUTH ANDAMAN,ANDAMAN & NICOBAR ISLANDS
Nayashahar (EFA),Humferygunj B.O,744105,Ferrargunj,SOUTH ANDAMAN,ANDAMAN & NICOBAR ISLANDS
Police line,Shadipur S.O,744106,Port Blair,SOUTH ANDAMAN,ANDAMAN & NICOBAR ISLANDS
Madhar Pahar,Shadipur S.O,744106,Port Blair,SOUTH ANDAMAN,ANDAMAN & NICOBAR ISLANDS
Nayagaon Basti,Shadipur S.O,744106,Port Blair,SOUTH ANDAMAN,ANDAMAN & NICOBAR ISLANDS
Dudh Lane,Shadipur S.O,744106,Port Blair,SOUTH ANDAMAN,ANDAMAN & NICOBAR ISLANDS
South Point,Shadipur S.O,744106,Port Blair,SOUTH ANDAMAN,ANDAMAN & NICOBAR ISLANDS
Subhash Nagar,Shadipur S.O,744106,Port Blair,SOUTH ANDAMAN,ANDAMAN & NICOBAR ISLANDS
Machi Lane,Shadipur S.O,744106,Port Blair,SOUTH ANDAMAN,ANDAMAN & NICOBAR ISLANDS
Port Blair,Shadipur S.O,744106,Port Blair,SOUTH ANDAMAN,ANDAMAN & NICOBAR ISLANDS
Stweartgunj (RV),Stewertgunj B.O,744107,Ferrargunj,SOUTH ANDAMAN,ANDAMAN & NICOBAR ISLANDS
Stweartgunj (RV),Bambooflat S.O,744107,Ferrargunj,SOUTH ANDAMAN,ANDAMAN & NICOBAR ISLANDS
Govindapuram (RV),Stewertgunj B.O,744107,Ferrargunj,SOUTH ANDAMAN,ANDAMAN & NICOBAR ISLANDS
Hope Town (RV),Bambooflat S.O,744107,Ferrargunj,SOUTH ANDAMAN,ANDAMAN & NICOBAR ISLANDS
Mount Harriet (RV),Bambooflat S.O,744107,Ferrargunj,SOUTH ANDAMAN,ANDAMAN & NICOBAR ISLANDS
North Bay (RV),Bambooflat S.O,744107,Ferrargunj,SOUTH ANDAMAN,ANDAMAN & NICOBAR ISLANDS
Shore Point (RV),Bambooflat S.O,744107,Ferrargunj,SOUTH ANDAMAN,ANDAMAN & NICOBAR ISLANDS
Brookshabad,Chakragaon S.O,744112,Port Blair,SOUTH ANDAMAN,ANDAMAN & NICOBAR ISLANDS
Carbynscove,Chakragaon S.O,744112,Port Blair,SOUTH ANDAMAN,ANDAMAN & NICOBAR ISLANDS
Govindpur (RV),Nimbudera B.O,744201,Mayabunder,NORTH AND MIDDLE ANDAMAN,ANDAMAN & NICOBAR ISLANDS
Sukha Nallaha (EFA),Betapur S.O,744201,Rangat,NORTH AND MIDDLE ANDAMAN,ANDAMAN & NICOBAR ISLANDS
Basantipur (RV),Nimbudera B.O,744201,Mayabunder,NORTH AND MIDDLE ANDAMAN,ANDAMAN & NICOBAR ISLANDS
Billiground Bazar,Pitchernalla B.O,744201,Rangat,NORTH AND MIDDLE ANDAMAN,ANDAMAN & NICOBAR ISLANDS
Dhani Nallaha (EFA),Betapur S.O,744201,Rangat,NORTH AND MIDDLE ANDAMAN,ANDAMAN & NICOBAR ISLANDS
Jaipur (RV),Nimbudera B.O,744201,Mayabunder,NORTH AND MIDDLE ANDAMAN,ANDAMAN & NICOBAR ISLANDS
Kamalapur (RV),Swdeshnagar B.O,744201,Mayabunder,NORTH AND MIDDLE ANDAMAN,ANDAMAN & NICOBAR ISLANDS
Thiruvanchikulam (RV),Betapur S.O,744201,Rangat,NORTH AND MIDDLE ANDAMAN,ANDAMAN & NICOBAR ISLANDS
Nilambur (RV),Betapur S.O,744201,Rangat,NORTH AND MIDDLE ANDAMAN,ANDAMAN & NICOBAR ISLANDS
Paresh Nagar (RV),Nimbudera B.O,744201,Mayabunder,NORTH AND MIDDLE ANDAMAN,ANDAMAN & NICOBAR ISLANDS
Dukennagar (RV),Swdeshnagar B.O,744201,Mayabunder,NORTH AND MIDDLE ANDAMAN,ANDAMAN & NICOBAR ISLANDS
Harinagar (RV),Pitchernalla B.O,744201,Mayabunder,NORTH AND MIDDLE ANDAMAN,ANDAMAN & NICOBAR ISLANDS
Padmanabhapuram (RV),Betapur S.O,744201,Rangat,NORTH AND MIDDLE ANDAMAN,ANDAMAN & NICOBAR ISLANDS
Thoraktang (FC),Swdeshnagar B.O,744201,Rangat,NORTH AND MIDDLE ANDAMAN,ANDAMAN & NICOBAR ISLANDS
Jaypur -1,Pitchernalla B.O,744201,Rangat,NORTH AND MIDDLE ANDAMAN,ANDAMAN & NICOBAR ISLANDS
Nibudera,Nimbudera B.O,744201,Rangat,NORTH AND MIDDLE ANDAMAN,ANDAMAN & NICOBAR ISLANDS
Santipur (RV),Swdeshnagar B.O,744201,Mayabunder,NORTH AND MIDDLE ANDAMAN,ANDAMAN & NICOBAR ISLANDS
Cutbert Bay (EFA),Betapur S.O,744201,Rangat,NORTH AND MIDDLE ANDAMAN,ANDAMAN & NICOBAR ISLANDS
Dhani Nallaha (JA),Betapur S.O,744201,Rangat,NORTH AND MIDDLE ANDAMAN,ANDAMAN & NICOBAR ISLANDS
Lauki Nallaha (EFA),Swdeshnagar B.O,744201,Mayabunder,NORTH AND MIDDLE ANDAMAN,ANDAMAN & NICOBAR ISLANDS
Pinakinagar (RV),Pitchernalla B.O,744201,Mayabunder,NORTH AND MIDDLE ANDAMAN,ANDAMAN & NICOBAR ISLANDS
Profullya Nagar (RV),Nimbudera B.O,744201,Mayabunder,NORTH AND MIDDLE ANDAMAN,ANDAMAN & NICOBAR ISLANDS
Shivapuram (RV),Betapur S.O,744201,Rangat,NORTH AND MIDDLE ANDAMAN,ANDAMAN & NICOBAR ISLANDS
Sippi Tikry (EFA),Nimbudera B.O,744201,Rangat,NORTH AND MIDDLE ANDAMAN,ANDAMAN & NICOBAR ISLANDS
Swadesh Nagar (RV),Swdeshnagar B.O,744201,Mayabunder,NORTH AND MIDDLE ANDAMAN,ANDAMAN & NICOBAR ISLANDS
Dharmapur (RV),Betapur S.O,744201,Rangat,NORTH AND MIDDLE ANDAMAN,ANDAMAN & NICOBAR ISLANDS
Nimbudera -2,Pitchernalla B.O,744201,Rangat,NORTH AND MIDDLE ANDAMAN,ANDAMAN & NICOBAR ISLANDS
Ramachandra Nagar (RV),Swdeshnagar B.O,744201,Rangat,NORTH AND MIDDLE ANDAMAN,ANDAMAN & NICOBAR ISLANDS
Baskata Nallaha (EFA),Kishorinagar B.O,744202,Diglipur,NORTH AND MIDDLE ANDAMAN,ANDAMAN & NICOBAR ISLANDS
Diglipur,Diglipur S.O,744202,Diglipur,NORTH AND MIDDLE ANDAMAN,ANDAMAN & NICOBAR ISLANDS
Ganesh Nagar (EFA),Aerial Bay B.O,744202,Diglipur,NORTH AND MIDDLE ANDAMAN,ANDAMAN & NICOBAR ISLANDS
Ganna Dabla (EFA),Kishorinagar B.O,744202,Diglipur,NORTH AND MIDDLE ANDAMAN,ANDAMAN & NICOBAR ISLANDS
Madhyamgram (RV),Navagram B.O,744202,Diglipur,NORTH AND MIDDLE ANDAMAN,ANDAMAN & NICOBAR ISLANDS
Nabagram (RV),Navagram B.O,744202,Diglipur,NORTH AND MIDDLE ANDAMAN,ANDAMAN & NICOBAR ISLANDS
Nischintapur (RV),Kalighat B.O,744202,Diglipur,NORTH AND MIDDLE ANDAMAN,ANDAMAN & NICOBAR ISLANDS
Ramakrishnagram (RV),Diglipur S.O,744202,Diglipur,NORTH AND MIDDLE ANDAMAN,ANDAMAN & NICOBAR ISLANDS
Srinagar (EFA),Kishorinagar B.O,744202,Diglipur,NORTH AND MIDDLE ANDAMAN,ANDAMAN & NICOBAR ISLANDS
5,Diglipur S.O,744202,Diglipur,NORTH AND MIDDLE ANDAMAN,ANDAMAN & NICOBAR ISLANDS
Austin Creek (FPDCA),Kishorinagar B.O,744202,Diglipur,NORTH AND MIDDLE ANDAMAN,ANDAMAN & NICOBAR ISLANDS
Bandhan Nallaha (EFA),Hathilevel B.O,744202,Diglipur,NORTH AND MIDDLE ANDAMAN,ANDAMAN & NICOBAR ISLANDS
Haran Nallaha (EFA),Hathilevel B.O,744202,Diglipur,NORTH AND MIDDLE ANDAMAN,ANDAMAN & NICOBAR ISLANDS
Haridas Kattai (EFA),Hathilevel B.O,744202,Diglipur,NORTH AND MIDDLE ANDAMAN,ANDAMAN & NICOBAR ISLANDS
Hoari Bay (EFA),Kishorinagar B.O,744202,Diglipur,NORTH AND MIDDLE ANDAMAN,ANDAMAN & NICOBAR ISLANDS
Madhupur (RV),Diglipur S.O,744202,Diglipur,NORTH AND MIDDLE ANDAMAN,ANDAMAN & NICOBAR ISLANDS
Milangram (RV),Swarajgram B.O,744202,Diglipur,NORTH AND MIDDLE ANDAMAN,ANDAMAN & NICOBAR ISLANDS
Ramnagar (RV),Ramnagar B.O,744202,Diglipur,NORTH AND MIDDLE ANDAMAN,ANDAMAN & NICOBAR ISLANDS
Shibpur (RV),Aerial Bay B.O,744202,Diglipur,NORTH AND MIDDLE ANDAMAN,ANDAMAN & NICOBAR ISLANDS
Shyam Nagar (RV),Hathilevel B.O,744202,Diglipur,NORTH AND MIDDLE ANDAMAN,ANDAMAN & NICOBAR ISLANDS
Sitanagar (EFA),Sitanagar B.O,744202,Diglipur,NORTH AND MIDDLE ANDAMAN,ANDAMAN & NICOBAR ISLANDS
Tal pagan,Pashimsagar B.O,744202,Diglipur,NORTH AND MIDDLE ANDAMAN,ANDAMAN & NICOBAR ISLANDS
Aerial Bay (RV),Aerial Bay B.O,744202,Diglipur,NORTH AND MIDDLE ANDAMAN,ANDAMAN & NICOBAR ISLANDS
Austin II (EFA),Kishorinagar B.O,744202,Diglipur,NORTH AND MIDDLE ANDAMAN,ANDAMAN & NICOBAR ISLANDS
East Island,Aerial Bay B.O,744202,Diglipur,NORTH AND MIDDLE ANDAMAN,ANDAMAN & NICOBAR ISLANDS
Narkul Danga (EFA),Ramnagar B.O,744202,Diglipur,NORTH AND MIDDLE ANDAMAN,ANDAMAN & NICOBAR ISLANDS
Paranghara (RV),Kishorinagar B.O,744202,Diglipur,NORTH AND MIDDLE ANDAMAN,ANDAMAN & NICOBAR ISLANDS
Subhasgram,Diglipur S.O,744202,Diglipur,NORTH AND MIDDLE ANDAMAN,ANDAMAN & NICOBAR ISLANDS
Amber Chad (EFA),Swarajgram B.O,744202,Diglipur,NORTH AND MIDDLE ANDAMAN,ANDAMAN & NICOBAR ISLANDS
Borang (RV),Kishorinagar B.O,744202,Diglipur,NORTH AND MIDDLE ANDAMAN,ANDAMAN & NICOBAR ISLANDS
Burmachad (EFA),Hathilevel B.O,744202,Diglipur,NORTH AND MIDDLE ANDAMAN,ANDAMAN & NICOBAR ISLANDS
Jagannath Dera (RV),Kalighat B.O,744202,Diglipur,NORTH AND MIDDLE ANDAMAN,ANDAMAN & NICOBAR ISLANDS
Laxmipur (EFA),Laxmipur B.O,744202,Diglipur,NORTH AND MIDDLE ANDAMAN,ANDAMAN & NICOBAR ISLANDS
Laxmipur (RV),Laxmipur B.O,744202,Diglipur,NORTH AND MIDDLE ANDAMAN,ANDAMAN & NICOBAR ISLANDS
Mohanpur (RV),Kishorinagar B.O,744202,Diglipur,NORTH AND MIDDLE ANDAMAN,ANDAMAN & NICOBAR ISLANDS
Mutha Nallaha (EFA),Kishorinagar B.O,744202,Diglipur,NORTH AND MIDDLE ANDAMAN,ANDAMAN & NICOBAR ISLANDS
Rabindrapalli (RV),Diglipur S.O,744202,Diglipur,NORTH AND MIDDLE ANDAMAN,ANDAMAN & NICOBAR ISLANDS
Sitanagar (RV),Sitanagar B.O,744202,Diglipur,NORTH AND MIDDLE ANDAMAN,ANDAMAN & NICOBAR ISLANDS
Subhasgram Bazar,Diglipur S.O,744202,Diglipur,NORTH AND MIDDLE ANDAMAN,ANDAMAN & NICOBAR ISLANDS
Austin IX (FC),Kishorinagar B.O,744202,Diglipur,NORTH AND MIDDLE ANDAMAN,ANDAMAN & NICOBAR ISLANDS
Bara Dabla (EFA),Kishorinagar B.O,744202,Diglipur,NORTH AND MIDDLE ANDAMAN,ANDAMAN & NICOBAR ISLANDS
Beach Dera (EFA),Aerial Bay B.O,744202,Diglipur,NORTH AND MIDDLE ANDAMAN,ANDAMAN & NICOBAR ISLANDS
Karen Basti (EFA),Kishorinagar B.O,744202,Diglipur,NORTH AND MIDDLE ANDAMAN,ANDAMAN & NICOBAR ISLANDS
Khudirampur (EFA),Diglipur S.O,744202,Diglipur,NORTH AND MIDDLE ANDAMAN,ANDAMAN & NICOBAR ISLANDS
Pemaiahdera (FDCA),Kishorinagar B.O,744202,Diglipur,NORTH AND MIDDLE ANDAMAN,ANDAMAN & NICOBAR ISLANDS
Radha Nagar (RV),Hathilevel B.O,744202,Diglipur,NORTH AND MIDDLE ANDAMAN,ANDAMAN & NICOBAR ISLANDS
Santi Nagar (EFA),Swarajgram B.O,744202,Diglipur,NORTH AND MIDDLE ANDAMAN,ANDAMAN & NICOBAR ISLANDS
Smith (Timber Export Depot),Smith Island B.O,744202,Diglipur,NORTH AND MIDDLE ANDAMAN,ANDAMAN & NICOBAR ISLANDS
6,Diglipur S.O,744202,Diglipur,NORTH AND MIDDLE ANDAMAN,ANDAMAN & NICOBAR ISLANDS
Aam Tikry (FDCA),Kalighat B.O,744202,Diglipur,NORTH AND MIDDLE ANDAMAN,ANDAMAN & NICOBAR ISLANDS
Deshbandhugram (RV),Diglipur S.O,744202,Diglipur,NORTH AND MIDDLE ANDAMAN,ANDAMAN & NICOBAR ISLANDS
Diglipur,Smith Island B.O,744202,Diglipur,NORTH AND MIDDLE ANDAMAN,ANDAMAN & NICOBAR ISLANDS
Diglipur village,Diglipur S.O,744202,Diglipur,NORTH AND MIDDLE ANDAMAN,ANDAMAN & NICOBAR ISLANDS
Durgapur (RV),Aerial Bay B.O,744202,Diglipur,NORTH AND MIDDLE ANDAMAN,ANDAMAN & NICOBAR ISLANDS
Elezabeth Bay (EFA),Kishorinagar B.O,744202,Diglipur,NORTH AND MIDDLE ANDAMAN,ANDAMAN & NICOBAR ISLANDS
Ganna Level (EFA),Kishorinagar B.O,744202,Diglipur,NORTH AND MIDDLE ANDAMAN,ANDAMAN & NICOBAR ISLANDS
Hara Tikry (EFA),Kishorinagar B.O,744202,Diglipur,NORTH AND MIDDLE ANDAMAN,ANDAMAN & NICOBAR ISLANDS
Kalipur (RV),Aerial Bay B.O,744202,Diglipur,NORTH AND MIDDLE ANDAMAN,ANDAMAN & NICOBAR ISLANDS
Keralapuram (RV),Aerial Bay B.O,744202,Diglipur,NORTH AND MIDDLE ANDAMAN,ANDAMAN & NICOBAR ISLANDS
Lamiya Bay (EFA),Aerial Bay B.O,744202,Diglipur,NORTH AND MIDDLE ANDAMAN,ANDAMAN & NICOBAR ISLANDS
Radha Nagar (EFA),Hathilevel B.O,744202,Diglipur,NORTH AND MIDDLE ANDAMAN,ANDAMAN & NICOBAR ISLANDS
Sagar Dweep (RV),Smith Island B.O,744202,Diglipur,NORTH AND MIDDLE ANDAMAN,ANDAMAN & NICOBAR ISLANDS
Stewart Island,Smith Island B.O,744202,Diglipur,NORTH AND MIDDLE ANDAMAN,ANDAMAN & NICOBAR ISLANDS
Tal Bagan (EFA),Kishorinagar B.O,744202,Diglipur,NORTH AND MIDDLE ANDAMAN,ANDAMAN & NICOBAR ISLANDS
Bali Nallaha (EFA),Kishorinagar B.O,744202,Diglipur,NORTH AND MIDDLE ANDAMAN,ANDAMAN & NICOBAR ISLANDS
Khudirampur (RV),Diglipur S.O,744202,Diglipur,NORTH AND MIDDLE ANDAMAN,ANDAMAN & NICOBAR ISLANDS
Kishori Nagar (RV),Kishorinagar B.O,744202,Diglipur,NORTH AND MIDDLE ANDAMAN,ANDAMAN & NICOBAR ISLANDS
Narayan Tikri (EFA),Kalighat B.O,744202,Diglipur,NORTH AND MIDDLE ANDAMAN,ANDAMAN & NICOBAR ISLANDS
Pilone Nallaha (FDCA),Kishorinagar B.O,744202,Diglipur,NORTH AND MIDDLE ANDAMAN,ANDAMAN & NICOBAR ISLANDS
Shyam Nagar (EFA),Hathilevel B.O,744202,Diglipur,NORTH AND MIDDLE ANDAMAN,ANDAMAN & NICOBAR ISLANDS
Swarajgram (RV),Swarajgram B.O,744202,Diglipur,NORTH AND MIDDLE ANDAMAN,ANDAMAN & NICOBAR ISLANDS
Vidyasagarpalli (RV),Aerial Bay B.O,744202,Diglipur,NORTH AND MIDDLE ANDAMAN,ANDAMAN & NICOBAR ISLANDS
Bamboo Nallaha (EFA),Kishorinagar B.O,744202,Diglipur,NORTH AND MIDDLE ANDAMAN,ANDAMAN & NICOBAR ISLANDS
Coffe Dera (EFA),Kishorinagar B.O,744202,Diglipur,NORTH AND MIDDLE ANDAMAN,ANDAMAN & NICOBAR ISLANDS
Gandhi Nagar (Forest Beat),Aerial Bay B.O,744202,Diglipur,NORTH AND MIDDLE ANDAMAN,ANDAMAN & NICOBAR ISLANDS
Kalighat (RV),Kalighat B.O,744202,Diglipur,NORTH AND MIDDLE ANDAMAN,ANDAMAN & NICOBAR ISLANDS
Karen Village,Pashimsagar B.O,744202,Diglipur,NORTH AND MIDDLE ANDAMAN,ANDAMAN & NICOBAR ISLANDS
Krishnapuri (RV),Sitanagar B.O,744202,Diglipur,NORTH AND MIDDLE ANDAMAN,ANDAMAN & NICOBAR ISLANDS
Lamiya Bay (WLS),Aerial Bay B.O,744202,Diglipur,NORTH AND MIDDLE ANDAMAN,ANDAMAN & NICOBAR ISLANDS
Paschimsagar (EFA),Pashimsagar B.O,744202,Diglipur,NORTH AND MIDDLE ANDAMAN,ANDAMAN & NICOBAR ISLANDS
Pathi Level (EFA),Ramnagar B.O,744202,Diglipur,NORTH AND MIDDLE ANDAMAN,ANDAMAN & NICOBAR ISLANDS
Smith (EFA),Smith Island B.O,744202,Diglipur,NORTH AND MIDDLE ANDAMAN,ANDAMAN & NICOBAR ISLANDS
Elephenstone Harbour (FC),Long Island S.O,744203,Rangat,NORTH AND MIDDLE ANDAMAN,ANDAMAN & NICOBAR ISLANDS
Lalajig Bay (AC),Long Island S.O,744203,Rangat,NORTH AND MIDDLE ANDAMAN,ANDAMAN & NICOBAR ISLANDS
Long Island (RV),Long Island S.O,744203,Rangat,NORTH AND MIDDLE ANDAMAN,ANDAMAN & NICOBAR ISLANDS
Merk Bay (AC),Long Island S.O,744203,Rangat,NORTH AND MIDDLE ANDAMAN,ANDAMAN & NICOBAR ISLANDS
Bajato (EFA & 40 acre plot),Pudumadurai B.O,744204,Mayabunder,NORTH AND MIDDLE ANDAMAN,ANDAMAN & NICOBAR ISLANDS
Danpur (RV),Rampur B.O,744204,Mayabunder,NORTH AND MIDDLE ANDAMAN,ANDAMAN & NICOBAR ISLANDS
Lucknow (RV),Weby B.O,744204,Mayabunder,NORTH AND MIDDLE ANDAMAN,ANDAMAN & NICOBAR ISLANDS
Mayabunder (RV),Mayabander S.O,744204,Mayabunder,NORTH AND MIDDLE ANDAMAN,ANDAMAN & NICOBAR ISLANDS
Pahalgaon (RV),Tugapur B.O,744204,Mayabunder,NORTH AND MIDDLE ANDAMAN,ANDAMAN & NICOBAR ISLANDS
Pather Tikry (EFA),Tugapur B.O,744204,Mayabunder,NORTH AND MIDDLE ANDAMAN,ANDAMAN & NICOBAR ISLANDS
Birsa Nagar (EFA),Tugapur B.O,744204,Mayabunder,NORTH AND MIDDLE ANDAMAN,ANDAMAN & NICOBAR ISLANDS
Buddha Nallaha (EFA),Tugapur B.O,744204,Mayabunder,NORTH AND MIDDLE ANDAMAN,ANDAMAN & NICOBAR ISLANDS
Chainpur (RV),Pudumadurai B.O,744204,Mayabunder,NORTH AND MIDDLE ANDAMAN,ANDAMAN & NICOBAR ISLANDS
Curlew Island (FCPA),Mayabander S.O,744204,Diglipur,NORTH AND MIDDLE ANDAMAN,ANDAMAN & NICOBAR ISLANDS
Devpur (RV),Weby B.O,744204,Mayabunder,NORTH AND MIDDLE ANDAMAN,ANDAMAN & NICOBAR ISLANDS
Pudumadurai (RV),Pudumadurai B.O,744204,Mayabunder,NORTH AND MIDDLE ANDAMAN,ANDAMAN & NICOBAR ISLANDS
Bamboo Nallaha (EFA),Weby B.O,744204,Mayabunder,NORTH AND MIDDLE ANDAMAN,ANDAMAN & NICOBAR ISLANDS
Chuglum Gum (EFA),Pudumadurai B.O,744204,Mayabunder,NORTH AND MIDDLE ANDAMAN,ANDAMAN & NICOBAR ISLANDS
Interview Island (WLS),Mayabander S.O,744204,Mayabunder,NORTH AND MIDDLE ANDAMAN,ANDAMAN & NICOBAR ISLANDS
Pokadera (RV),Mayabander S.O,744204,Mayabunder,NORTH AND MIDDLE ANDAMAN,ANDAMAN & NICOBAR ISLANDS
Karmatang (RV),Rampur B.O,744204,Mayabunder,NORTH AND MIDDLE ANDAMAN,ANDAMAN & NICOBAR ISLANDS
Webi (RV),Weby B.O,744204,Mayabunder,NORTH AND MIDDLE ANDAMAN,ANDAMAN & NICOBAR ISLANDS
Khukari Tabla (EFA),Pudumadurai B.O,744204,Mayabunder,NORTH AND MIDDLE ANDAMAN,ANDAMAN & NICOBAR ISLANDS
Narcondam Island,Mayabander S.O,744204,Diglipur,NORTH AND MIDDLE ANDAMAN,ANDAMAN & NICOBAR ISLANDS
Rahil (FDCA),Mayabander S.O,744204,Diglipur,NORTH AND MIDDLE ANDAMAN,ANDAMAN & NICOBAR ISLANDS
Shippi Tikry (EFA),Pudumadurai B.O,744204,Mayabunder,NORTH AND MIDDLE ANDAMAN,ANDAMAN & NICOBAR ISLANDS
Tugapur (RV),Tugapur B.O,744204,Mayabunder,NORTH AND MIDDLE ANDAMAN,ANDAMAN & NICOBAR ISLANDS
Chainpur (EFA),Pudumadurai B.O,744204,Mayabunder,NORTH AND MIDDLE ANDAMAN,ANDAMAN & NICOBAR ISLANDS
Chappa Nali (EFA),Pudumadurai B.O,744204,Mayabunder,NORTH AND MIDDLE ANDAMAN,ANDAMAN & NICOBAR ISLANDS
Ganeshpur (EFA),Pudumadurai B.O,744204,Mayabunder,NORTH AND MIDDLE ANDAMAN,ANDAMAN & NICOBAR ISLANDS
Gora Tikry (EFA),Tugapur B.O,744204,Mayabunder,NORTH AND MIDDLE ANDAMAN,ANDAMAN & NICOBAR ISLANDS
Hanspuri (RV),Pudumadurai B.O,744204,Mayabunder,NORTH AND MIDDLE ANDAMAN,ANDAMAN & NICOBAR ISLANDS
Karanch Khari (EFA),Pudumadurai B.O,744204,Mayabunder,NORTH AND MIDDLE ANDAMAN,ANDAMAN & NICOBAR ISLANDS
Karmatang IX (EFA),Rampur B.O,744204,Mayabunder,NORTH AND MIDDLE ANDAMAN,ANDAMAN & NICOBAR ISLANDS
Karmatang X (EFA) incl.Bihari Plot (EFA),Rampur B.O,744204,Mayabunder,NORTH AND MIDDLE ANDAMAN,ANDAMAN & NICOBAR ISLANDS
Paiket Bay (EFA),Rampur B.O,744204,Mayabunder,NORTH AND MIDDLE ANDAMAN,ANDAMAN & NICOBAR ISLANDS
Asha Nagar (EFA),Tugapur B.O,744204,Mayabunder,NORTH AND MIDDLE ANDAMAN,ANDAMAN & NICOBAR ISLANDS
Aves Island (RV),Mayabander S.O,744204,Mayabunder,NORTH AND MIDDLE ANDAMAN,ANDAMAN & NICOBAR ISLANDS
Interview Island (PO),Mayabander S.O,744204,Mayabunder,NORTH AND MIDDLE ANDAMAN,ANDAMAN & NICOBAR ISLANDS
Kanchi Nallaha (EFA) & Bamboo Nallaha (EFA),Tugapur B.O,744204,Mayabunder,NORTH AND MIDDLE ANDAMAN,ANDAMAN & NICOBAR ISLANDS
Lataw (RV),Weby B.O,744204,Mayabunder,NORTH AND MIDDLE ANDAMAN,ANDAMAN & NICOBAR ISLANDS
Luis-in-Let-Bay (JPPC),Pudumadurai B.O,744204,Mayabunder,NORTH AND MIDDLE ANDAMAN,ANDAMAN & NICOBAR ISLANDS
Rampur (RV),Rampur B.O,744204,Mayabunder,NORTH AND MIDDLE ANDAMAN,ANDAMAN & NICOBAR ISLANDS
Sundari Khari (EFA),Pudumadurai B.O,744204,Mayabunder,NORTH AND MIDDLE ANDAMAN,ANDAMAN & NICOBAR ISLANDS
Amkunj (RV),Nimbutala B.O,744205,Rangat,NORTH AND MIDDLE ANDAMAN,ANDAMAN & NICOBAR ISLANDS
Panchawati (RV),Panchawati B.O,744205,Rangat,NORTH AND MIDDLE ANDAMAN,ANDAMAN & NICOBAR ISLANDS
Vishnupur (RV),Sabari B.O,744205,Rangat,NORTH AND MIDDLE ANDAMAN,ANDAMAN & NICOBAR ISLANDS
Bakultala (RV),Bakultala B.O,744205,Rangat,NORTH AND MIDDLE ANDAMAN,ANDAMAN & NICOBAR ISLANDS
Parnasala II (FC),Parnasala B.O,744205,Rangat,NORTH AND MIDDLE ANDAMAN,ANDAMAN & NICOBAR ISLANDS
"Porlobjig No. 15 (FC, APWDC & JPPC)",Kaushalyanagar B.O,744205,Rangat,NORTH AND MIDDLE ANDAMAN,ANDAMAN & NICOBAR ISLANDS
Sabari (RV),Sabari B.O,744205,Rangat,NORTH AND MIDDLE ANDAMAN,ANDAMAN & NICOBAR ISLANDS
Charlungta (FC),Bakultala B.O,744205,Rangat,NORTH AND MIDDLE ANDAMAN,ANDAMAN & NICOBAR ISLANDS
Panchawati (EFA),Panchawati B.O,744205,Rangat,NORTH AND MIDDLE ANDAMAN,ANDAMAN & NICOBAR ISLANDS
Urmilapur (RV),Bakultala B.O,744205,Rangat,NORTH AND MIDDLE ANDAMAN,ANDAMAN & NICOBAR ISLANDS
Bangaon (RV),Bakultala B.O,744205,Rangat,NORTH AND MIDDLE ANDAMAN,ANDAMAN & NICOBAR ISLANDS
Janakpur (RV),Rangat S.O,744205,Rangat,NORTH AND MIDDLE ANDAMAN,ANDAMAN & NICOBAR ISLANDS
Kalsi (JPPC),Bakultala B.O,744205,Rangat,NORTH AND MIDDLE ANDAMAN,ANDAMAN & NICOBAR ISLANDS
Rangat (RV),Rangat S.O,744205,Rangat,NORTH AND MIDDLE ANDAMAN,ANDAMAN & NICOBAR ISLANDS
Sagwan Nallaha (FC),Bakultala B.O,744205,Rangat,NORTH AND MIDDLE ANDAMAN,ANDAMAN & NICOBAR ISLANDS
Desharatpur (RV),Rangat S.O,744205,Rangat,NORTH AND MIDDLE ANDAMAN,ANDAMAN & NICOBAR ISLANDS
Kalsi (RV),Bakultala B.O,744205,Rangat,NORTH AND MIDDLE ANDAMAN,ANDAMAN & NICOBAR ISLANDS
Kalsi No. 3 (JPPC),Bakultala B.O,744205,Rangat,NORTH AND MIDDLE ANDAMAN,ANDAMAN & NICOBAR ISLANDS
Mithila (RV),Rangat S.O,744205,Rangat,NORTH AND MIDDLE ANDAMAN,ANDAMAN & NICOBAR ISLANDS
Rampur (RV),Rangat S.O,744205,Rangat,NORTH AND MIDDLE ANDAMAN,ANDAMAN & NICOBAR ISLANDS
Saktigarh (RV),Bakultala B.O,744205,Rangat,NORTH AND MIDDLE ANDAMAN,ANDAMAN & NICOBAR ISLANDS
Gol Pahar (EFA),Sabari B.O,744205,Rangat,NORTH AND MIDDLE ANDAMAN,ANDAMAN & NICOBAR ISLANDS
Nimbutala (RV),Nimbutala B.O,744205,Rangat,NORTH AND MIDDLE ANDAMAN,ANDAMAN & NICOBAR ISLANDS
Parnasala (RV),Parnasala B.O,744205,Rangat,NORTH AND MIDDLE ANDAMAN,ANDAMAN & NICOBAR ISLANDS
Bharatpur (RV),Sabari B.O,744205,Rangat,NORTH AND MIDDLE ANDAMAN,ANDAMAN & NICOBAR ISLANDS
Charlungta II (FC),Bakultala B.O,744205,Rangat,NORTH AND MIDDLE ANDAMAN,ANDAMAN & NICOBAR ISLANDS
Kalsi No. 4 (JPPC),Bakultala B.O,744205,Rangat,NORTH AND MIDDLE ANDAMAN,ANDAMAN & NICOBAR ISLANDS
Boroinyol II (FC & APWDC),Bakultala B.O,744205,Rangat,NORTH AND MIDDLE ANDAMAN,ANDAMAN & NICOBAR ISLANDS
Kalsi No. 6 (JPPC),Bakultala B.O,744205,Rangat,NORTH AND MIDDLE ANDAMAN,ANDAMAN & NICOBAR ISLANDS
Kaushalyanagar (RV),Kaushalyanagar B.O,744205,Rangat,NORTH AND MIDDLE ANDAMAN,ANDAMAN & NICOBAR ISLANDS
Laxmanpur (RV),Bakultala B.O,744205,Rangat,NORTH AND MIDDLE ANDAMAN,ANDAMAN & NICOBAR ISLANDS
Shyamkund (RV),Bakultala B.O,744205,Rangat,NORTH AND MIDDLE ANDAMAN,ANDAMAN & NICOBAR ISLANDS
Sitapur (RV),Rangat S.O,744205,Rangat,NORTH AND MIDDLE ANDAMAN,ANDAMAN & NICOBAR ISLANDS
Bindraban (RV),Beachdera B.O,744206,Ferrargunj,SOUTH ANDAMAN,ANDAMAN & NICOBAR ISLANDS
Kalatang (RV),Kalatong B.O,744206,Ferrargunj,SOUTH ANDAMAN,ANDAMAN & NICOBAR ISLANDS
Mathura (RV),Mathura B.O,744206,Ferrargunj,SOUTH ANDAMAN,ANDAMAN & NICOBAR ISLANDS
Mile Tilek (ARF),Miletilak B.O,744206,Ferrargunj,SOUTH ANDAMAN,ANDAMAN & NICOBAR ISLANDS
Mrichi Dera (EFA),Kalatong B.O,744206,Ferrargunj,SOUTH ANDAMAN,ANDAMAN & NICOBAR ISLANDS
Namunagar,Rubber Research Station B.O,744206,Port Blair,SOUTH ANDAMAN,ANDAMAN & NICOBAR ISLANDS
Namunaghar (RV),Dundas Point B.O,744206,Ferrargunj,SOUTH ANDAMAN,ANDAMAN & NICOBAR ISLANDS
Potatang (FC),Jirkatong B.O,744206,Ferrargunj,SOUTH ANDAMAN,ANDAMAN & NICOBAR ISLANDS
Shoal Bay 19 (FC),Shoalbay B.O,744206,Ferrargunj,SOUTH ANDAMAN,ANDAMAN & NICOBAR ISLANDS
Hathi Tapu,Dundas Point B.O,744206,Ferrargunj,SOUTH ANDAMAN,ANDAMAN & NICOBAR ISLANDS
Brindaban,Rubber Research Station B.O,744206,Port Blair,SOUTH ANDAMAN,ANDAMAN & NICOBAR ISLANDS
Ferrargunj (RV),Beachdera B.O,744206,Ferrargunj,SOUTH ANDAMAN,ANDAMAN & NICOBAR ISLANDS
Gudda Basti,Wimberlygunj S.O,744206,Ferrargunj,SOUTH ANDAMAN,ANDAMAN & NICOBAR ISLANDS
Malapuram (RV),Kalatong B.O,744206,Ferrargunj,SOUTH ANDAMAN,ANDAMAN & NICOBAR ISLANDS
Mile Tilek (JPPC),Miletilak B.O,744206,Ferrargunj,SOUTH ANDAMAN,ANDAMAN & NICOBAR ISLANDS
Wimberlygunj (RV),Wimberlygunj S.O,744206,Ferrargunj,SOUTH ANDAMAN,ANDAMAN & NICOBAR ISLANDS
Caddlegunj (RV),Beachdera B.O,744206,Ferrargunj,SOUTH ANDAMAN,ANDAMAN & NICOBAR ISLANDS
Dundas Point (RV),Dundas Point B.O,744206,Ferrargunj,SOUTH ANDAMAN,ANDAMAN & NICOBAR ISLANDS
Ferrarganj RV,R.R Station B.O,744206,Port Blair,SOUTH ANDAMAN,ANDAMAN & NICOBAR ISLANDS
Kadakachang (RV),Mathura B.O,744206,Ferrargunj,SOUTH ANDAMAN,ANDAMAN & NICOBAR ISLANDS
MitaKhadi Basti,Dundas Point B.O,744206,Ferrargunj,SOUTH ANDAMAN,ANDAMAN & NICOBAR ISLANDS
Namunaghar Koori,Dundas Point B.O,744206,Ferrargunj,SOUTH ANDAMAN,ANDAMAN & NICOBAR ISLANDS
Shoal Bay (RV),Shoalbay B.O,744206,Ferrargunj,SOUTH ANDAMAN,ANDAMAN & NICOBAR ISLANDS
Aniket (RV),Beachdera B.O,744206,Ferrargunj,SOUTH ANDAMAN,ANDAMAN & NICOBAR ISLANDS
Between Middle Strait (JPPC) & Jirkatang (JA),Jirkatong B.O,744206,Ferrargunj,SOUTH ANDAMAN,ANDAMAN & NICOBAR ISLANDS
Coffee Plot (JPPC),Jirkatong B.O,744206,Ferrargunj,SOUTH ANDAMAN,ANDAMAN & NICOBAR ISLANDS
Ferrarganj,Rubber Research Station B.O,744206,Port Blair,SOUTH ANDAMAN,ANDAMAN & NICOBAR ISLANDS
Jirkatang No. 2 (RV),Jirkatong B.O,744206,Ferrargunj,SOUTH ANDAMAN,ANDAMAN & NICOBAR ISLANDS
Madhuban (RV),Kalatong B.O,744206,Ferrargunj,SOUTH ANDAMAN,ANDAMAN & NICOBAR ISLANDS
Mannarghat (RV),Kalatong B.O,744206,Ferrargunj,SOUTH ANDAMAN,ANDAMAN & NICOBAR ISLANDS
Alipur (RV),Mathura B.O,744206,Ferrargunj,SOUTH ANDAMAN,ANDAMAN & NICOBAR ISLANDS
Beach Dera (EFA),Beachdera B.O,744206,Ferrargunj,SOUTH ANDAMAN,ANDAMAN & NICOBAR ISLANDS
Bindraban (RV),Mathura B.O,744206,Ferrargunj,SOUTH ANDAMAN,ANDAMAN & NICOBAR ISLANDS
Brindaban ward 2 & 3,R.R Station B.O,744206,Port Blair,SOUTH ANDAMAN,ANDAMAN & NICOBAR ISLANDS
Dundas point village,Dundas Point B.O,744206,Ferrargunj,SOUTH ANDAMAN,ANDAMAN & NICOBAR ISLANDS
Jhinga Nallaha (JPPC & APWDC),Miletilak B.O,744206,Ferrargunj,SOUTH ANDAMAN,ANDAMAN & NICOBAR ISLANDS
Jirkatang Camp No. 7 (FC),Jirkatong B.O,744206,Ferrargunj,SOUTH ANDAMAN,ANDAMAN & NICOBAR ISLANDS
Knapuram (RV),Wimberlygunj S.O,744206,Ferrargunj,SOUTH ANDAMAN,ANDAMAN & NICOBAR ISLANDS
Mile Tilek (RV) & Mile Tilek (EFA),Miletilak B.O,744206,Ferrargunj,SOUTH ANDAMAN,ANDAMAN & NICOBAR ISLANDS
Babu Basti,Dundas Point B.O,744206,Ferrargunj,SOUTH ANDAMAN,ANDAMAN & NICOBAR ISLANDS
Eta Bhatta,Dundas Point B.O,744206,Ferrargunj,SOUTH ANDAMAN,ANDAMAN & NICOBAR ISLANDS
Jirkatang No. 2 (EFA),Jirkatong B.O,744206,Ferrargunj,SOUTH ANDAMAN,ANDAMAN & NICOBAR ISLANDS
Lamba Pahar,Wimberlygunj S.O,744206,Ferrargunj,SOUTH ANDAMAN,ANDAMAN & NICOBAR ISLANDS
Namunagar-1,R.R Station B.O,744206,Port Blair,SOUTH ANDAMAN,ANDAMAN & NICOBAR ISLANDS
Osiyar Pur,Wimberlygunj S.O,744206,Ferrargunj,SOUTH ANDAMAN,ANDAMAN & NICOBAR ISLANDS
Rubber Plantation,R.R Station B.O,744206,Port Blair,SOUTH ANDAMAN,ANDAMAN & NICOBAR ISLANDS
Shoal Bay 17 (FC),Shoalbay B.O,744206,Ferrargunj,SOUTH ANDAMAN,ANDAMAN & NICOBAR ISLANDS
Viper Island (RV),Dundas Point B.O,744206,Ferrargunj,SOUTH ANDAMAN,ANDAMAN & NICOBAR ISLANDS
Balughat (RV),Miletilak B.O,744206,Ferrargunj,SOUTH ANDAMAN,ANDAMAN & NICOBAR ISLANDS
Narayan Nagar,Wimberlygunj S.O,744206,Ferrargunj,SOUTH ANDAMAN,ANDAMAN & NICOBAR ISLANDS
Sisty Nagar,Dundas Point B.O,744206,Ferrargunj,SOUTH ANDAMAN,ANDAMAN & NICOBAR ISLANDS
Wright Myo (RV),Kalatong B.O,744206,Ferrargunj,SOUTH ANDAMAN,ANDAMAN & NICOBAR ISLANDS
Forest Camp at 14 km. 5-III (FDCA),Ramakrishnapur B.O,744207,Port Blair,SOUTH ANDAMAN,ANDAMAN & NICOBAR ISLANDS
Hut Bay (RV),Hut Bay S.O,744207,Port Blair,SOUTH ANDAMAN,ANDAMAN & NICOBAR ISLANDS
Red Oil Palm (Nursery Camp),Netajinagar B.O,744207,Port Blair,SOUTH ANDAMAN,ANDAMAN & NICOBAR ISLANDS
Forest Camp at 14 km. 5-I (FDCA),Ramakrishnapur B.O,744207,Port Blair,SOUTH ANDAMAN,ANDAMAN & NICOBAR ISLANDS
Butler Bay Forest Camp 4-I (FDCA),Ramakrishnapur B.O,744207,Port Blair,SOUTH ANDAMAN,ANDAMAN & NICOBAR ISLANDS
Butler Bay Forest Camp 4-II (FDCA),Ramakrishnapur B.O,744207,Port Blair,SOUTH ANDAMAN,ANDAMAN & NICOBAR ISLANDS
Butler Bay Forest Camp 4-IV (FDCA),Ramakrishnapur B.O,744207,Port Blair,SOUTH ANDAMAN,ANDAMAN & NICOBAR ISLANDS
Ramakrishnapur (RV),Ramakrishnapur B.O,744207,Port Blair,SOUTH ANDAMAN,ANDAMAN & NICOBAR ISLANDS
Butler Bay Forest Camp 4-III (FDCA),Ramakrishnapur B.O,744207,Port Blair,SOUTH ANDAMAN,ANDAMAN & NICOBAR ISLANDS
Dugong Creek (OS),Vivekandapur B.O,744207,Port Blair,SOUTH ANDAMAN,ANDAMAN & NICOBAR ISLANDS
M/s Asia & Company (Asia Timber Product),Hut Bay S.O,744207,Port Blair,SOUTH ANDAMAN,ANDAMAN & NICOBAR ISLANDS
Harmender Bay (NS),Hut Bay S.O,744207,Port Blair,SOUTH ANDAMAN,ANDAMAN & NICOBAR ISLANDS
South Bay (Light House Camp),Hut Bay S.O,744207,Port Blair,SOUTH ANDAMAN,ANDAMAN & NICOBAR ISLANDS
Forest Camp at 14 km. 5-II (FDCA),Ramakrishnapur B.O,744207,Port Blair,SOUTH ANDAMAN,ANDAMAN & NICOBAR ISLANDS
South Bay (OS),Hut Bay S.O,744207,Port Blair,SOUTH ANDAMAN,ANDAMAN & NICOBAR ISLANDS
Vivekanandapuram (RV),Vivekandapur B.O,744207,Port Blair,SOUTH ANDAMAN,ANDAMAN & NICOBAR ISLANDS
Forest Camp at 19 km. (FDCA),Ramakrishnapur B.O,744207,Port Blair,SOUTH ANDAMAN,ANDAMAN & NICOBAR ISLANDS
Netaji Nagar (RV),Netajinagar B.O,744207,Port Blair,SOUTH ANDAMAN,ANDAMAN & NICOBAR ISLANDS
Rabindra Nagar (RV),Vivekandapur B.O,744207,Port Blair,SOUTH ANDAMAN,ANDAMAN & NICOBAR ISLANDS
Bamboo Tikry (JPPC),Kadamtala S.O (North And Middle Andaman),744209,Rangat,NORTH AND MIDDLE ANDAMAN,ANDAMAN & NICOBAR ISLANDS
Boreham Valley (FS),Uttara B.O,744209,Rangat,NORTH AND MIDDLE ANDAMAN,ANDAMAN & NICOBAR ISLANDS
Porlobjig No. 10 (JPPC),Kadamtala S.O (North And Middle Andaman),744209,Rangat,NORTH AND MIDDLE ANDAMAN,ANDAMAN & NICOBAR ISLANDS
Lakra Lungta (JA),Kadamtala S.O (North And Middle Andaman),744209,Rangat,NORTH AND MIDDLE ANDAMAN,ANDAMAN & NICOBAR ISLANDS
Yeratiljig No. 10 (JPPC),Kadamtala S.O (North And Middle Andaman),744209,Rangat,NORTH AND MIDDLE ANDAMAN,ANDAMAN & NICOBAR ISLANDS
Foul Bay (JA),Kadamtala S.O (North And Middle Andaman),744209,Rangat,NORTH AND MIDDLE ANDAMAN,ANDAMAN & NICOBAR ISLANDS
Porlobjig No. 9 (FC & JPPC),Kadamtala S.O (North And Middle Andaman),744209,Rangat,NORTH AND MIDDLE ANDAMAN,ANDAMAN & NICOBAR ISLANDS
Uttara (RV),Uttara B.O,744209,Rangat,NORTH AND MIDDLE ANDAMAN,ANDAMAN & NICOBAR ISLANDS
Chotaligbang (JA),Kadamtala S.O (North And Middle Andaman),744209,Rangat,NORTH AND MIDDLE ANDAMAN,ANDAMAN & NICOBAR ISLANDS
Kadamtala (RV),Kadamtala S.O (North And Middle Andaman),744209,Rangat,NORTH AND MIDDLE ANDAMAN,ANDAMAN & NICOBAR ISLANDS
Macarthy Valley (FS),Uttara B.O,744209,Rangat,NORTH AND MIDDLE ANDAMAN,ANDAMAN & NICOBAR ISLANDS
Yeratiljig (RV),Kadamtala S.O (North And Middle Andaman),744209,Rangat,NORTH AND MIDDLE ANDAMAN,ANDAMAN & NICOBAR ISLANDS
Yeratiljig No. 11 (JPPC),Kadamtala S.O (North And Middle Andaman),744209,Rangat,NORTH AND MIDDLE ANDAMAN,ANDAMAN & NICOBAR ISLANDS
Yeratiljig No. 9 (JPPC),Kadamtala S.O (North And Middle Andaman),744209,Rangat,NORTH AND MIDDLE ANDAMAN,ANDAMAN & NICOBAR ISLANDS
Jermy Valley (FS),Kadamtala S.O (North And Middle Andaman),744209,Rangat,NORTH AND MIDDLE ANDAMAN,ANDAMAN & NICOBAR ISLANDS
Porlob Depot (FC),Kadamtala S.O (North And Middle Andaman),744209,Rangat,NORTH AND MIDDLE ANDAMAN,ANDAMAN & NICOBAR ISLANDS
Porlobjig No. 3 (JPPC & APWDC),Kadamtala S.O (North And Middle Andaman),744209,Rangat,NORTH AND MIDDLE ANDAMAN,ANDAMAN & NICOBAR ISLANDS
Santanu (RV),Kadamtala S.O (North And Middle Andaman),744209,Rangat,NORTH AND MIDDLE ANDAMAN,ANDAMAN & NICOBAR ISLANDS
Between Chotaligbang (JA) & Foul Bay (JA),Kadamtala S.O (North And Middle Andaman),744209,Rangat,NORTH AND MIDDLE ANDAMAN,ANDAMAN & NICOBAR ISLANDS
Foster Valley (FS),Uttara B.O,744209,Rangat,NORTH AND MIDDLE ANDAMAN,ANDAMAN & NICOBAR ISLANDS
Japan Tikri (EFA),Sankarnalla B.O,744210,Rangat,NORTH AND MIDDLE ANDAMAN,ANDAMAN & NICOBAR ISLANDS
Papita Dera (FC),Sankarnalla B.O,744210,Rangat,NORTH AND MIDDLE ANDAMAN,ANDAMAN & NICOBAR ISLANDS
Spike Island (JA),Oralkatcha S.O,744210,Rangat,NORTH AND MIDDLE ANDAMAN,ANDAMAN & NICOBAR ISLANDS
Bolcha (EFA),Oralkatcha S.O,744210,Rangat,NORTH AND MIDDLE ANDAMAN,ANDAMAN & NICOBAR ISLANDS
Sundergarh (RV),Kanchangarh B.O,744210,Rangat,NORTH AND MIDDLE ANDAMAN,ANDAMAN & NICOBAR ISLANDS
Abaygarh (RV),Sankarnalla B.O,744210,Rangat,NORTH AND MIDDLE ANDAMAN,ANDAMAN & NICOBAR ISLANDS
Adojig (RV),Sankarnalla B.O,744210,Rangat,NORTH AND MIDDLE ANDAMAN,ANDAMAN & NICOBAR ISLANDS
Khatta Khari (RV),Oralkatcha S.O,744210,Rangat,NORTH AND MIDDLE ANDAMAN,ANDAMAN & NICOBAR ISLANDS
Middle Strait (JPPC),Oralkatcha S.O,744210,Ferrargunj,SOUTH ANDAMAN,ANDAMAN & NICOBAR ISLANDS
Nilambur (EFA),Oralkatcha S.O,744210,Rangat,NORTH AND MIDDLE ANDAMAN,ANDAMAN & NICOBAR ISLANDS
Sanker Nallaha (FC),Sankarnalla B.O,744210,Rangat,NORTH AND MIDDLE ANDAMAN,ANDAMAN & NICOBAR ISLANDS
Shastri Nallaha (FC),Oralkatcha S.O,744210,Rangat,NORTH AND MIDDLE ANDAMAN,ANDAMAN & NICOBAR ISLANDS
Wrafter's Creek (EFA),Oralkatcha S.O,744210,Rangat,NORTH AND MIDDLE ANDAMAN,ANDAMAN & NICOBAR ISLANDS
Khatta Khari (EFA),Oralkatcha S.O,744210,Rangat,NORTH AND MIDDLE ANDAMAN,ANDAMAN & NICOBAR ISLANDS
"South Creek (EFA, FC & APWDC)",Kanchangarh B.O,744210,Rangat,NORTH AND MIDDLE ANDAMAN,ANDAMAN & NICOBAR ISLANDS
Pawajig & Nayadera (FC),Sankarnalla B.O,744210,Rangat,NORTH AND MIDDLE ANDAMAN,ANDAMAN & NICOBAR ISLANDS
Lorrojig (FC) & Vishnu Nallaha (APWDC),Sankarnalla B.O,744210,Rangat,NORTH AND MIDDLE ANDAMAN,ANDAMAN & NICOBAR ISLANDS
Middle Strait (JPPC & FC),Oralkatcha S.O,744210,Rangat,NORTH AND MIDDLE ANDAMAN,ANDAMAN & NICOBAR ISLANDS
Nayagarh (RV),Sankarnalla B.O,744210,Rangat,NORTH AND MIDDLE ANDAMAN,ANDAMAN & NICOBAR ISLANDS
Raglachang (RV),Oralkatcha S.O,744210,Rangat,NORTH AND MIDDLE ANDAMAN,ANDAMAN & NICOBAR ISLANDS
Udhaygarh (RV),Sankarnalla B.O,744210,Rangat,NORTH AND MIDDLE ANDAMAN,ANDAMAN & NICOBAR ISLANDS
Bejoygarh (RV),Sankarnalla B.O,744210,Rangat,NORTH AND MIDDLE ANDAMAN,ANDAMAN & NICOBAR ISLANDS
Nilambur (RV),Oralkatcha S.O,744210,Rangat,NORTH AND MIDDLE ANDAMAN,ANDAMAN & NICOBAR ISLANDS
Rajatgarh (EFA),Oralkatcha S.O,744210,Rangat,NORTH AND MIDDLE ANDAMAN,ANDAMAN & NICOBAR ISLANDS
Wrafter's Creek (RV),Oralkatcha S.O,744210,Rangat,NORTH AND MIDDLE ANDAMAN,ANDAMAN & NICOBAR ISLANDS
Kanchangarh (RV),Kanchangarh B.O,744210,Rangat,NORTH AND MIDDLE ANDAMAN,ANDAMAN & NICOBAR ISLANDS
Oral Katcha,Oralkatcha S.O,744210,Mayabunder,NORTH AND MIDDLE ANDAMAN,ANDAMAN & NICOBAR ISLANDS
Pawajig (FC),Sankarnalla B.O,744210,Rangat,NORTH AND MIDDLE ANDAMAN,ANDAMAN & NICOBAR ISLANDS
Raglachang (FC),Oralkatcha S.O,744210,Rangat,NORTH AND MIDDLE ANDAMAN,ANDAMAN & NICOBAR ISLANDS
Rajatgarh (RV),Oralkatcha S.O,744210,Rangat,NORTH AND MIDDLE ANDAMAN,ANDAMAN & NICOBAR ISLANDS
Havelock,Havelock Bazar B.O,744211,Port Blair,SOUTH ANDAMAN,ANDAMAN & NICOBAR ISLANDS
Krishna Nagar (RV),Peal Island B.O,744211,Port Blair,SOUTH ANDAMAN,ANDAMAN & NICOBAR ISLANDS
Radha Nagar (RV),Peal Island B.O,744211,Port Blair,SOUTH ANDAMAN,ANDAMAN & NICOBAR ISLANDS
Bejoy Nagar (RV),Havelock Bazar B.O,744211,Port Blair,SOUTH ANDAMAN,ANDAMAN & NICOBAR ISLANDS
Havelock,Havelock S.O,744211,Port Blair,SOUTH ANDAMAN,ANDAMAN & NICOBAR ISLANDS
Vijay Nagar,Strait Island B.O,744211,Port Blair,SOUTH ANDAMAN,ANDAMAN & NICOBAR ISLANDS
Kalapathar 1,Strait Island B.O,744211,Port Blair,SOUTH ANDAMAN,ANDAMAN & NICOBAR ISLANDS
Shyam Nagar (RV),Havelock S.O,744211,Port Blair,SOUTH ANDAMAN,ANDAMAN & NICOBAR ISLANDS
Balu Dera,Havelock S.O,744211,Port Blair,SOUTH ANDAMAN,ANDAMAN & NICOBAR ISLANDS
Radha Nagar (RV),Havelock Bazar B.O,744211,Port Blair,SOUTH ANDAMAN,ANDAMAN & NICOBAR ISLANDS
Govinda Nagar (RV),Havelock Bazar B.O,744211,Port Blair,SOUTH ANDAMAN,ANDAMAN & NICOBAR ISLANDS
John Lawrance (FC),Havelock S.O,744211,Port Blair,SOUTH ANDAMAN,ANDAMAN & NICOBAR ISLANDS
Govinda Nagar (RV),Havelock S.O,744211,Port Blair,SOUTH ANDAMAN,ANDAMAN & NICOBAR ISLANDS
Havelock RV,Peal Island B.O,744211,Port Blair,SOUTH ANDAMAN,ANDAMAN & NICOBAR ISLANDS
Kalapathar,Strait Island B.O,744211,Port Blair,SOUTH ANDAMAN,ANDAMAN & NICOBAR ISLANDS
Krishna Nagar (RV),Havelock Bazar B.O,744211,Port Blair,SOUTH ANDAMAN,ANDAMAN & NICOBAR ISLANDS
Shyam Nagar (RV),Havelock Bazar B.O,744211,Port Blair,SOUTH ANDAMAN,ANDAMAN & NICOBAR ISLANDS
Malacca,Carnicobar S.O,744301,Car Nicobar,NICOBAR,ANDAMAN & NICOBAR ISLANDS
Sawai New,Kakana B.O,744301,Car Nicobar,NICOBAR,ANDAMAN & NICOBAR ISLANDS
Arong,Carnicobar S.O,744301,Car Nicobar,NICOBAR,ANDAMAN & NICOBAR ISLANDS
Big Lapati,Lapathy B.O,744301,Car Nicobar,NICOBAR,ANDAMAN & NICOBAR ISLANDS
Sawai,Sawai B.O,744301,Car Nicobar,NICOBAR,ANDAMAN & NICOBAR ISLANDS
Kinmai,Carnicobar S.O,744301,Car Nicobar,NICOBAR,ANDAMAN & NICOBAR ISLANDS
Tamaloo,Carnicobar S.O,744301,Car Nicobar,NICOBAR,ANDAMAN & NICOBAR ISLANDS
Kakana,Kakana B.O,744301,Car Nicobar,NICOBAR,ANDAMAN & NICOBAR ISLANDS
Kinyuka,Carnicobar S.O,744301,Car Nicobar,NICOBAR,ANDAMAN & NICOBAR ISLANDS
Arong,Mus B.O,744301,Car Nicobar,NICOBAR,ANDAMAN & NICOBAR ISLANDS
Kimois,Mus B.O,744301,Car Nicobar,NICOBAR,ANDAMAN & NICOBAR ISLANDS
Lapathy,Lapathy B.O,744301,Car Nicobar,NICOBAR,ANDAMAN & NICOBAR ISLANDS
Lukad Basti,Carnicobar S.O,744301,Car Nicobar,NICOBAR,ANDAMAN & NICOBAR ISLANDS
Tamaloo,Mus B.O,744301,Car Nicobar,NICOBAR,ANDAMAN & NICOBAR ISLANDS
Tapoiming,Mus B.O,744301,Car Nicobar,NICOBAR,ANDAMAN & NICOBAR ISLANDS
Tea Top,Kakana B.O,744301,Car Nicobar,NICOBAR,ANDAMAN & NICOBAR ISLANDS
Gobar Basti,Carnicobar S.O,744301,Car Nicobar,NICOBAR,ANDAMAN & NICOBAR ISLANDS
Malaca,Kakana B.O,744301,Car Nicobar,NICOBAR,ANDAMAN & NICOBAR ISLANDS
Perka,Carnicobar S.O,744301,Car Nicobar,NICOBAR,ANDAMAN & NICOBAR ISLANDS
Sawai Old,Kakana B.O,744301,Car Nicobar,NICOBAR,ANDAMAN & NICOBAR ISLANDS
Chuckchucha,Carnicobar S.O,744301,Car Nicobar,NICOBAR,ANDAMAN & NICOBAR ISLANDS
Kimios Village NEW,Kakana B.O,744301,Car Nicobar,NICOBAR,ANDAMAN & NICOBAR ISLANDS
Kinyuka,Lapathy B.O,744301,Car Nicobar,NICOBAR,ANDAMAN & NICOBAR ISLANDS
Mus,Mus B.O,744301,Car Nicobar,NICOBAR,ANDAMAN & NICOBAR ISLANDS
Arong New,Kakana B.O,744301,Car Nicobar,NICOBAR,ANDAMAN & NICOBAR ISLANDS
IAF Camp,Carnicobar S.O,744301,Car Nicobar,NICOBAR,ANDAMAN & NICOBAR ISLANDS
Kinmai,Mus B.O,744301,Car Nicobar,NICOBAR,ANDAMAN & NICOBAR ISLANDS
Small Lapati,Lapathy B.O,744301,Car Nicobar,NICOBAR,ANDAMAN & NICOBAR ISLANDS
Teetop,Sawai B.O,744301,Car Nicobar,NICOBAR,ANDAMAN & NICOBAR ISLANDS
Dairkurat,Campbelbay S.O,744302,Nancowry,NICOBAR,ANDAMAN & NICOBAR ISLANDS
Elahi/Ilhoya,Little Nicobar B.O,744302,Nancowry,NICOBAR,ANDAMAN & NICOBAR ISLANDS
Gandhi Nagar,Gandhinagar B.O,744302,Nancowry,NICOBAR,ANDAMAN & NICOBAR ISLANDS
Lall Tikri,Campbelbay S.O,744302,Nancowry,NICOBAR,ANDAMAN & NICOBAR ISLANDS
Little Nicobar,Kondul Island B.O,744302,Nancowry,NICOBAR,ANDAMAN & NICOBAR ISLANDS
MaccaChua,Kondul Island B.O,744302,Nancowry,NICOBAR,ANDAMAN & NICOBAR ISLANDS
Not yet named-C,Campbelbay S.O,744302,Nancowry,NICOBAR,ANDAMAN & NICOBAR ISLANDS
Pilomilo,Kondul Island B.O,744302,Nancowry,NICOBAR,ANDAMAN & NICOBAR ISLANDS
Pulokunji,Campbelbay S.O,744302,Nancowry,NICOBAR,ANDAMAN & NICOBAR ISLANDS
Pulopucca,Campbelbay S.O,744302,Nancowry,NICOBAR,ANDAMAN & NICOBAR ISLANDS
Renguang,Campbelbay S.O,744302,Nancowry,NICOBAR,ANDAMAN & NICOBAR ISLANDS
Bewai/Kuwak,Little Nicobar B.O,744302,Nancowry,NICOBAR,ANDAMAN & NICOBAR ISLANDS
Campbell Bay,Shabnamnagar B.O,744302,Car Nicobar,NICOBAR,ANDAMAN & NICOBAR ISLANDS
Chaw Nallaha,Campbelbay S.O,744302,Nancowry,NICOBAR,ANDAMAN & NICOBAR ISLANDS
Indira Point,Gandhinagar B.O,744302,Nancowry,NICOBAR,ANDAMAN & NICOBAR ISLANDS
Indra Nagar,Campbelbay S.O,744302,Nancowry,NICOBAR,ANDAMAN & NICOBAR ISLANDS
Inlock/Pattia,Little Nicobar B.O,744302,Nancowry,NICOBAR,ANDAMAN & NICOBAR ISLANDS
Minlana/Minlan,Little Nicobar B.O,744302,Nancowry,NICOBAR,ANDAMAN & NICOBAR ISLANDS
Pehayo,Little Nicobar B.O,744302,Nancowry,NICOBAR,ANDAMAN & NICOBAR ISLANDS
Pilomilo village,Pilomilo Island B.O,744302,Nancowry,NICOBAR,ANDAMAN & NICOBAR ISLANDS
Pulloullo/Puloulo,Little Nicobar B.O,744302,Nancowry,NICOBAR,ANDAMAN & NICOBAR ISLANDS
Pulomilo,Pilomilo Island B.O,744302,Nancowry,NICOBAR,ANDAMAN & NICOBAR ISLANDS
Sastri Nagar,Gandhinagar B.O,744302,Nancowry,NICOBAR,ANDAMAN & NICOBAR ISLANDS
17,Campbelbay S.O,744302,Nancowry,NICOBAR,ANDAMAN & NICOBAR ISLANDS
7 km Farm,Shabnamnagar B.O,744302,Nancowry,NICOBAR,ANDAMAN & NICOBAR ISLANDS
Akupa,Campbelbay S.O,744302,Nancowry,NICOBAR,ANDAMAN & NICOBAR ISLANDS
Apravel,Kondul Island B.O,744302,Nancowry,NICOBAR,ANDAMAN & NICOBAR ISLANDS
Campbell Bay,Campbelbay S.O,744302,Nancowry,NICOBAR,ANDAMAN & NICOBAR ISLANDS
Danlet,Campbelbay S.O,744302,Nancowry,NICOBAR,ANDAMAN & NICOBAR ISLANDS
Inlock/Infock,Little Nicobar B.O,744302,Nancowry,NICOBAR,ANDAMAN & NICOBAR ISLANDS
Inod,Little Nicobar B.O,744302,Nancowry,NICOBAR,ANDAMAN & NICOBAR ISLANDS
Kokeon,Campbelbay S.O,744302,Nancowry,NICOBAR,ANDAMAN & NICOBAR ISLANDS
Kondul,Kondul Island B.O,744302,Nancowry,NICOBAR,ANDAMAN & NICOBAR ISLANDS
Lawful,Campbelbay S.O,744302,Nancowry,NICOBAR,ANDAMAN & NICOBAR ISLANDS
Not yet named (at 27.9 km)-A,Shabnamnagar B.O,744302,Nancowry,NICOBAR,ANDAMAN & NICOBAR ISLANDS
Pattia,Little Nicobar B.O,744302,Nancowry,NICOBAR,ANDAMAN & NICOBAR ISLANDS
Pulobed,Campbelbay S.O,744302,Nancowry,NICOBAR,ANDAMAN & NICOBAR ISLANDS
Pulobha/Pulobahan,Little Nicobar B.O,744302,Nancowry,NICOBAR,ANDAMAN & NICOBAR ISLANDS
Ranganathan Bay,Campbelbay S.O,744302,Nancowry,NICOBAR,ANDAMAN & NICOBAR ISLANDS
Shompen hut,Shabnamnagar B.O,744302,Nancowry,NICOBAR,ANDAMAN & NICOBAR ISLANDS
In-Hig-Loi,Campbelbay S.O,744302,Nancowry,NICOBAR,ANDAMAN & NICOBAR ISLANDS
Joginder Nagar,Shabnamnagar B.O,744302,Nancowry,NICOBAR,ANDAMAN & NICOBAR ISLANDS
Kamal Basti,Campbelbay S.O,744302,Nancowry,NICOBAR,ANDAMAN & NICOBAR ISLANDS
Magar Nallah,Campbelbay S.O,744302,Nancowry,NICOBAR,ANDAMAN & NICOBAR ISLANDS
Navy Dera,Campbelbay S.O,744302,Nancowry,NICOBAR,ANDAMAN & NICOBAR ISLANDS
Rajiv Nagar I & II,Campbelbay S.O,744302,Nancowry,NICOBAR,ANDAMAN & NICOBAR ISLANDS
Shompen Village-A,Campbelbay S.O,744302,Nancowry,NICOBAR,ANDAMAN & NICOBAR ISLANDS
Alexandera River,Campbelbay S.O,744302,Nancowry,NICOBAR,ANDAMAN & NICOBAR ISLANDS
Govinda Nagar,Campbelbay S.O,744302,Nancowry,NICOBAR,ANDAMAN & NICOBAR ISLANDS
Katahu,Campbelbay S.O,744302,Nancowry,NICOBAR,ANDAMAN & NICOBAR ISLANDS
Kiyang,Little Nicobar B.O,744302,Nancowry,NICOBAR,ANDAMAN & NICOBAR ISLANDS
Laxmi Nagar,Campbelbay S.O,744302,Nancowry,NICOBAR,ANDAMAN & NICOBAR ISLANDS
Not yet named-B,Campbelbay S.O,744302,Nancowry,NICOBAR,ANDAMAN & NICOBAR ISLANDS
Pulobaha,Little Nicobar B.O,744302,Nancowry,NICOBAR,ANDAMAN & NICOBAR ISLANDS
Pulotalia/Pulotohio,Little Nicobar B.O,744302,Nancowry,NICOBAR,ANDAMAN & NICOBAR ISLANDS
Shompen Village-B,Campbelbay S.O,744302,Nancowry,NICOBAR,ANDAMAN & NICOBAR ISLANDS
Anul/Anula,Little Nicobar B.O,744302,Nancowry,NICOBAR,ANDAMAN & NICOBAR ISLANDS
Dakhiyon (FC),Gandhinagar B.O,744302,Nancowry,NICOBAR,ANDAMAN & NICOBAR ISLANDS
Dogmar River,Campbelbay S.O,744302,Nancowry,NICOBAR,ANDAMAN & NICOBAR ISLANDS
Gadda Basti,Campbelbay S.O,744302,Nancowry,NICOBAR,ANDAMAN & NICOBAR ISLANDS
Kasintung,Campbelbay S.O,744302,Nancowry,NICOBAR,ANDAMAN & NICOBAR ISLANDS
Olinchi/Bombay,Little Nicobar B.O,744302,Nancowry,NICOBAR,ANDAMAN & NICOBAR ISLANDS
Pulobaha/Pathathifen,Little Nicobar B.O,744302,Nancowry,NICOBAR,ANDAMAN & NICOBAR ISLANDS
Pulopanja,Little Nicobar B.O,744302,Nancowry,NICOBAR,ANDAMAN & NICOBAR ISLANDS
Ayouk,Campbelbay S.O,744302,Nancowry,NICOBAR,ANDAMAN & NICOBAR ISLANDS
Bahua,Little Nicobar B.O,744302,Nancowry,NICOBAR,ANDAMAN & NICOBAR ISLANDS
Chingen,Gandhinagar B.O,744302,Nancowry,NICOBAR,ANDAMAN & NICOBAR ISLANDS
Hoin incl. Ikuia,Little Nicobar B.O,744302,Nancowry,NICOBAR,ANDAMAN & NICOBAR ISLANDS
Koe,Campbelbay S.O,744302,Nancowry,NICOBAR,ANDAMAN & NICOBAR ISLANDS
Patatiya,Campbelbay S.O,744302,Nancowry,NICOBAR,ANDAMAN & NICOBAR ISLANDS
Pulobed/Lababu,Campbelbay S.O,744302,Nancowry,NICOBAR,ANDAMAN & NICOBAR ISLANDS
Babu Line Basti,Campbelbay S.O,744302,Nancowry,NICOBAR,ANDAMAN & NICOBAR ISLANDS
Galathia River (FC),Gandhinagar B.O,744302,Nancowry,NICOBAR,ANDAMAN & NICOBAR ISLANDS
Hin-Pou-Chi,Campbelbay S.O,744302,Nancowry,NICOBAR,ANDAMAN & NICOBAR ISLANDS
Hokesiang,Little Nicobar B.O,744302,Nancowry,NICOBAR,ANDAMAN & NICOBAR ISLANDS
Kopenheat,Campbelbay S.O,744302,Nancowry,NICOBAR,ANDAMAN & NICOBAR ISLANDS
Makhahu/Makachua,Little Nicobar B.O,744302,Nancowry,NICOBAR,ANDAMAN & NICOBAR ISLANDS
Pea,Little Nicobar B.O,744302,Nancowry,NICOBAR,ANDAMAN & NICOBAR ISLANDS
Pulobhabi,Campbelbay S.O,744302,Nancowry,NICOBAR,ANDAMAN & NICOBAR ISLANDS
Vijoy Nagar,Shabnamnagar B.O,744302,Nancowry,NICOBAR,ANDAMAN & NICOBAR ISLANDS
Alipa/Alips,Champin B.O,744303,Nancowry,NICOBAR,ANDAMAN & NICOBAR ISLANDS
Altheak,Champin B.O,744303,Nancowry,NICOBAR,ANDAMAN & NICOBAR ISLANDS
Chuckmachi,Teressa B.O,744303,Car Nicobar,NICOBAR,ANDAMAN & NICOBAR ISLANDS
Chukmachi,Teressa B.O,744303,Nancowry,NICOBAR,ANDAMAN & NICOBAR ISLANDS
Hindra,Champin B.O,744303,Nancowry,NICOBAR,ANDAMAN & NICOBAR ISLANDS
Hockook,Trinket B.O,744303,Nancowry,NICOBAR,ANDAMAN & NICOBAR ISLANDS
Inroak/Chinlak,Champin B.O,744303,Nancowry,NICOBAR,ANDAMAN & NICOBAR ISLANDS
Kanahinot,Teressa B.O,744303,Nancowry,NICOBAR,ANDAMAN & NICOBAR ISLANDS
Munak incl. Ponioo/Moul,Nancowrie S.O,744303,Nancowry,NICOBAR,ANDAMAN & NICOBAR ISLANDS
Tapiang,Trinket B.O,744303,Nancowry,NICOBAR,ANDAMAN & NICOBAR ISLANDS
Vikas Nagar,Nancowrie S.O,744303,Nancowry,NICOBAR,ANDAMAN & NICOBAR ISLANDS
Daring,Nancowrie S.O,744303,Nancowry,NICOBAR,ANDAMAN & NICOBAR ISLANDS
Enam,Teressa B.O,744303,Car Nicobar,NICOBAR,ANDAMAN & NICOBAR ISLANDS
Kalara,Teressa B.O,744303,Nancowry,NICOBAR,ANDAMAN & NICOBAR ISLANDS
Kamorta/Kalatapu,Nancowrie S.O,744303,Nancowry,NICOBAR,ANDAMAN & NICOBAR ISLANDS
Nyicalang,Nancowrie S.O,744303,Nancowry,NICOBAR,ANDAMAN & NICOBAR ISLANDS
Safedbalu,Trinket B.O,744303,Nancowry,NICOBAR,ANDAMAN & NICOBAR ISLANDS
Aloorang,Teressa B.O,744303,Nancowry,NICOBAR,ANDAMAN & NICOBAR ISLANDS
Alreak,Champin B.O,744303,Nancowry,NICOBAR,ANDAMAN & NICOBAR ISLANDS
Bompoka Island,Teressa B.O,744303,Nancowry,NICOBAR,ANDAMAN & NICOBAR ISLANDS
Champin,Champin B.O,744303,Nancowry,NICOBAR,ANDAMAN & NICOBAR ISLANDS
Chota Inak,Nancowrie S.O,744303,Nancowry,NICOBAR,ANDAMAN & NICOBAR ISLANDS
Kamorta/Kalatapu,Chowra B.O,744303,Nancowry,NICOBAR,ANDAMAN & NICOBAR ISLANDS
Kapila,Trinket B.O,744303,Nancowry,NICOBAR,ANDAMAN & NICOBAR ISLANDS
Manjula,Nancowrie S.O,744303,Nancowry,NICOBAR,ANDAMAN & NICOBAR ISLANDS
Masala Tapu,Trinket B.O,744303,Nancowry,NICOBAR,ANDAMAN & NICOBAR ISLANDS
Mus,Champin B.O,744303,Nancowry,NICOBAR,ANDAMAN & NICOBAR ISLANDS
Okiya/Chiya,Nancowrie S.O,744303,Nancowry,NICOBAR,ANDAMAN & NICOBAR ISLANDS
Raihion,Chowra B.O,744303,Nancowry,NICOBAR,ANDAMAN & NICOBAR ISLANDS
Safedbalu,Teressa B.O,744303,Nancowry,NICOBAR,ANDAMAN & NICOBAR ISLANDS
Tahaila,Chowra B.O,744303,Nancowry,NICOBAR,ANDAMAN & NICOBAR ISLANDS
Tamae,Nancowrie S.O,744303,Nancowry,NICOBAR,ANDAMAN & NICOBAR ISLANDS
Alpintu/Alpintung,Nancowrie S.O,744303,Nancowry,NICOBAR,ANDAMAN & NICOBAR ISLANDS
Alrong,Teressa B.O,744303,Car Nicobar,NICOBAR,ANDAMAN & NICOBAR ISLANDS
Chanel/Chanol,Nancowrie S.O,744303,Nancowry,NICOBAR,ANDAMAN & NICOBAR ISLANDS
Itoi,Champin B.O,744303,Nancowry,NICOBAR,ANDAMAN & NICOBAR ISLANDS
Kuitasuk,Chowra B.O,744303,Nancowry,NICOBAR,ANDAMAN & NICOBAR ISLANDS
Lapat,Champin B.O,744303,Nancowry,NICOBAR,ANDAMAN & NICOBAR ISLANDS
Minyuk,Teressa B.O,744303,Nancowry,NICOBAR,ANDAMAN & NICOBAR ISLANDS
Neang,Champin B.O,744303,Nancowry,NICOBAR,ANDAMAN & NICOBAR ISLANDS
Olinpon/Alhinpon,Nancowrie S.O,744303,Nancowry,NICOBAR,ANDAMAN & NICOBAR ISLANDS
Trinket Bay,Trinket B.O,744303,Nancowry,NICOBAR,ANDAMAN & NICOBAR ISLANDS
Uper Tapu,Nancowrie S.O,744303,Nancowry,NICOBAR,ANDAMAN & NICOBAR ISLANDS
Bengali,Teressa B.O,744303,Car Nicobar,NICOBAR,ANDAMAN & NICOBAR ISLANDS
Bumpal,Nancowrie S.O,744303,Nancowry,NICOBAR,ANDAMAN & NICOBAR ISLANDS
Chongkamong,Chowra B.O,744303,Nancowry,NICOBAR,ANDAMAN & NICOBAR ISLANDS
Karan/Karav,Nancowrie S.O,744303,Nancowry,NICOBAR,ANDAMAN & NICOBAR ISLANDS
Lanuanga,Champin B.O,744303,Nancowry,NICOBAR,ANDAMAN & NICOBAR ISLANDS
Nancowrie,Nancowrie S.O,744303,Nancowry,NICOBAR,ANDAMAN & NICOBAR ISLANDS
Payak,Champin B.O,744303,Nancowry,NICOBAR,ANDAMAN & NICOBAR ISLANDS
Pilpilow,Nancowrie S.O,744303,Nancowry,NICOBAR,ANDAMAN & NICOBAR ISLANDS
Tapani/Tapainy,Champin B.O,744303,Nancowry,NICOBAR,ANDAMAN & NICOBAR ISLANDS
Tapong incl. Kabila,Champin B.O,744303,Nancowry,NICOBAR,ANDAMAN & NICOBAR ISLANDS
Tillang Chong Island,Nancowrie S.O,744303,Nancowry,NICOBAR,ANDAMAN & NICOBAR ISLANDS
Al-Hit-Touch/Balu Basti,Champin B.O,744303,Nancowry,NICOBAR,ANDAMAN & NICOBAR ISLANDS
Alointung,Nancowrie S.O,744303,Nancowry,NICOBAR,ANDAMAN & NICOBAR ISLANDS
Aloora,Teressa B.O,744303,Nancowry,NICOBAR,ANDAMAN & NICOBAR ISLANDS
Banderkari/Pulu,Nancowrie S.O,744303,Nancowry,NICOBAR,ANDAMAN & NICOBAR ISLANDS
Hintona,Champin B.O,744303,Nancowry,NICOBAR,ANDAMAN & NICOBAR ISLANDS
Inmae,Nancowrie S.O,744303,Nancowry,NICOBAR,ANDAMAN & NICOBAR ISLANDS
Knot,Nancowrie S.O,744303,Nancowry,NICOBAR,ANDAMAN & NICOBAR ISLANDS
Kuikua,Nancowrie S.O,744303,Nancowry,NICOBAR,ANDAMAN & NICOBAR ISLANDS
Minyuki village,Teressa B.O,744303,Car Nicobar,NICOBAR,ANDAMAN & NICOBAR ISLANDS
Nancowrie,Teressa B.O,744303,Car Nicobar,NICOBAR,ANDAMAN & NICOBAR ISLANDS
Payuha,Nancowrie S.O,744303,Nancowry,NICOBAR,ANDAMAN & NICOBAR ISLANDS
Alukian/Alhukheck,Nancowrie S.O,744303,Nancowry,NICOBAR,ANDAMAN & NICOBAR ISLANDS
Hinnunga,Champin B.O,744303,Nancowry,NICOBAR,ANDAMAN & NICOBAR ISLANDS
Kalasi,Teressa B.O,744303,Nancowry,NICOBAR,ANDAMAN & NICOBAR ISLANDS
Luxi,Teressa B.O,744303,Nancowry,NICOBAR,ANDAMAN & NICOBAR ISLANDS
Malacca,Champin B.O,744303,Nancowry,NICOBAR,ANDAMAN & NICOBAR ISLANDS
Maru,Nancowrie S.O,744303,Nancowry,NICOBAR,ANDAMAN & NICOBAR ISLANDS
Mohreak/Kohreakap,Nancowrie S.O,744303,Nancowry,NICOBAR,ANDAMAN & NICOBAR ISLANDS
Ramzoo,Nancowrie S.O,744303,Nancowry,NICOBAR,ANDAMAN & NICOBAR ISLANDS
Tomae/Inmae,Nancowrie S.O,744303,Nancowry,NICOBAR,ANDAMAN & NICOBAR ISLANDS
Trinket,Trinket B.O,744303,Nancowry,NICOBAR,ANDAMAN & NICOBAR ISLANDS
Bengali,Teressa B.O,744303,Nancowry,NICOBAR,ANDAMAN & NICOBAR ISLANDS
Berainak/Badnak,Nancowrie S.O,744303,Nancowry,NICOBAR,ANDAMAN & NICOBAR ISLANDS
Changua/Changup,Trinket B.O,744303,Nancowry,NICOBAR,ANDAMAN & NICOBAR ISLANDS
Enam,Teressa B.O,744303,Nancowry,NICOBAR,ANDAMAN & NICOBAR ISLANDS
Kakana,Nancowrie S.O,744303,Nancowry,NICOBAR,ANDAMAN & NICOBAR ISLANDS
Neeche Tapu,Nancowrie S.O,744303,Nancowry,NICOBAR,ANDAMAN & NICOBAR ISLANDS
Hakonhala,Kapanga S.O,744304,Nancowry,NICOBAR,ANDAMAN & NICOBAR ISLANDS
Hutnyak,Kapanga S.O,744304,Nancowry,NICOBAR,ANDAMAN & NICOBAR ISLANDS
Sonomkuwa,Kapanga S.O,744304,Nancowry,NICOBAR,ANDAMAN & NICOBAR ISLANDS
Tani,Kapanga S.O,744304,Nancowry,NICOBAR,ANDAMAN & NICOBAR ISLANDS
Katchal,Nehrugram B.O,744304,Car Nicobar,NICOBAR,ANDAMAN & NICOBAR ISLANDS
Kupinga,Kapanga S.O,744304,Nancowry,NICOBAR,ANDAMAN & NICOBAR ISLANDS
Mapayala,Kapanga S.O,744304,Nancowry,NICOBAR,ANDAMAN & NICOBAR ISLANDS
Vyavtapu,Kapanga S.O,744304,Nancowry,NICOBAR,ANDAMAN & NICOBAR ISLANDS
Alsama,Kapanga S.O,744304,Nancowry,NICOBAR,ANDAMAN & NICOBAR ISLANDS
Halnatai/Hoinatai,Kapanga S.O,744304,Nancowry,NICOBAR,ANDAMAN & NICOBAR ISLANDS
Hitlat,Kapanga S.O,744304,Nancowry,NICOBAR,ANDAMAN & NICOBAR ISLANDS
Jansin,Kapanga S.O,744304,Nancowry,NICOBAR,ANDAMAN & NICOBAR ISLANDS
Kumikia,Kapanga S.O,744304,Nancowry,NICOBAR,ANDAMAN & NICOBAR ISLANDS
Atkuna/Alkun,Kapanga S.O,744304,Nancowry,NICOBAR,ANDAMAN & NICOBAR ISLANDS
Chonsiyala,Mildera B.O,744304,Nancowry,NICOBAR,ANDAMAN & NICOBAR ISLANDS
Katahuwa,Kapanga S.O,744304,Nancowry,NICOBAR,ANDAMAN & NICOBAR ISLANDS
Kavatinpeu/Karahinpoh,Kapanga S.O,744304,Nancowry,NICOBAR,ANDAMAN & NICOBAR ISLANDS
Mavatapis/Maratapia,Kapanga S.O,744304,Nancowry,NICOBAR,ANDAMAN & NICOBAR ISLANDS
Alhiat,Kapanga S.O,744304,Nancowry,NICOBAR,ANDAMAN & NICOBAR ISLANDS
Altaful,Kapanga S.O,744304,Nancowry,NICOBAR,ANDAMAN & NICOBAR ISLANDS
Hontona,Kapanga S.O,744304,Nancowry,NICOBAR,ANDAMAN & NICOBAR ISLANDS
Kamriak,Kapanga S.O,744304,Nancowry,NICOBAR,ANDAMAN & NICOBAR ISLANDS
Kulatapangia,Kapanga S.O,744304,Nancowry,NICOBAR,ANDAMAN & NICOBAR ISLANDS
Sanaya,Kapanga S.O,744304,Nancowry,NICOBAR,ANDAMAN & NICOBAR ISLANDS
Alhitoth/Alhiloth,Kapanga S.O,744304,Nancowry,NICOBAR,ANDAMAN & NICOBAR ISLANDS
Alkaipoh/Alkripoh,Kapanga S.O,744304,Nancowry,NICOBAR,ANDAMAN & NICOBAR ISLANDS
Kalminikum/Kalmenkam,Mildera B.O,744304,Nancowry,NICOBAR,ANDAMAN & NICOBAR ISLANDS
Tavinkin/Tavakin,Kapanga S.O,744304,Nancowry,NICOBAR,ANDAMAN & NICOBAR ISLANDS
W.B.Katchal/Hindra,Kapanga S.O,744304,Nancowry,NICOBAR,ANDAMAN & NICOBAR ISLANDS
Chengtamilan,Mildera B.O,744304,Nancowry,NICOBAR,ANDAMAN & NICOBAR ISLANDS
Chonghipoh,Kapanga S.O,744304,Nancowry,NICOBAR,ANDAMAN & NICOBAR ISLANDS
Kapanga,Kapanga S.O,744304,Nancowry,NICOBAR,ANDAMAN & NICOBAR ISLANDS
Mildera,Mildera B.O,744304,Nancowry,NICOBAR,ANDAMAN & NICOBAR ISLANDS
Nehrugram village,Nehrugram B.O,744304,Car Nicobar,NICOBAR,ANDAMAN & NICOBAR ISLANDS
Ongulongho,Kapanga S.O,744304,Nancowry,NICOBAR,ANDAMAN & NICOBAR ISLANDS
Jhoola,Kapanga S.O,744304,Nancowry,NICOBAR,ANDAMAN & NICOBAR ISLANDS
Katchal Island,Mildera B.O,744304,Car Nicobar,NICOBAR,ANDAMAN & NICOBAR ISLANDS
Reakomlong,Kapanga S.O,744304,Nancowry,NICOBAR,ANDAMAN & NICOBAR ISLANDS
