Dadra,Dadra S.O,396193,Dadra & Nagar Haveli,DADRA & NAGAR HAVELI,DADRA & NAGAR HAVELI
Dadra & Nagar Haveli,Bedpa B.O,396230,Dadra & Nagar Haveli,DADRA & NAGAR HAVELI,DADRA & NAGAR HAVELI
Dadra & Nagar Haveli,Kilvani B.O,396230,Dadra & Nagar Haveli,DADRA & NAGAR HAVELI,DADRA & NAGAR HAVELI
Dadra & Nagar Haveli,Chisda B.O,396230,Dadra & Nagar Haveli,DADRA & NAGAR HAVELI,DADRA & NAGAR HAVELI
Dadra & Nagar Haveli,Masat B.O,396230,Dadra & Nagar Haveli,DADRA & NAGAR HAVELI,DADRA & NAGAR HAVELI
Dadra & Nagar Haveli,Silvassa S.O,396230,Dadra & Nagar Haveli,DADRA & NAGAR HAVELI,DADRA & NAGAR HAVELI
Dadra & Nagar Haveli,Karachgam B.O,396230,Dadra & Nagar Haveli,DADRA & NAGAR HAVELI,DADRA & NAGAR HAVELI
Dadra & Nagar Haveli,Samarvarni B.O,396230,Dadra & Nagar Haveli,DADRA & NAGAR HAVELI,DADRA & NAGAR HAVELI
Dadra & Nagar Haveli,Sili B.O,396230,Dadra & Nagar Haveli,DADRA & NAGAR HAVELI,DADRA & NAGAR HAVELI
Dadra & Nagar Haveli,Sindoni B.O,396230,Dadra & Nagar Haveli,DADRA & NAGAR HAVELI,DADRA & NAGAR HAVELI
Dadra & Nagar Haveli,Rudana B.O,396230,Dadra & Nagar Haveli,DADRA & NAGAR HAVELI,DADRA & NAGAR HAVELI
Dadra & Nagar Haveli,Velugam B.O,396230,Dadra & Nagar Haveli,DADRA & NAGAR HAVELI,DADRA & NAGAR HAVELI
Dadra & Nagar Haveli,Amli B.O,396230,Dadra & Nagar Haveli,DADRA & NAGAR HAVELI,DADRA & NAGAR HAVELI
Dadra & Nagar Haveli,Bonta B.O,396230,Dadra & Nagar Haveli,DADRA & NAGAR HAVELI,DADRA & NAGAR HAVELI
Dadra & Nagar Haveli,Mandoni B.O,396230,Dadra & Nagar Haveli,DADRA & NAGAR HAVELI,DADRA & NAGAR HAVELI
Dadra & Nagar Haveli,Umarkui B.O,396230,Dadra & Nagar Haveli,DADRA & NAGAR HAVELI,DADRA & NAGAR HAVELI
Dadra & Nagar Haveli,Parzai B.O,396230,Dadra & Nagar Haveli,DADRA & NAGAR HAVELI,DADRA & NAGAR HAVELI
Dadra & Nagar Haveli,Athola B.O,396230,Dadra & Nagar Haveli,DADRA & NAGAR HAVELI,DADRA & NAGAR HAVELI
Dadra & Nagar Haveli,Khanvel B.O,396230,Dadra & Nagar Haveli,DADRA & NAGAR HAVELI,DADRA & NAGAR HAVELI
Naroli,Naroli S.O,396235,Dadra & Nagar Haveli,DADRA & NAGAR HAVELI,DADRA & NAGAR HAVELI
Naroli,Athal B.O,396235,Dadra & Nagar Haveli,DADRA & NAGAR HAVELI,DADRA & NAGAR HAVELI
Naroli,Kharadpada B.O,396235,Dadra & Nagar Haveli,DADRA & NAGAR HAVELI,DADRA & NAGAR HAVELI
Karad,Saily B.O,396240,Dadra & Nagar Haveli,DADRA & NAGAR HAVELI,DADRA & NAGAR HAVELI
Karad,Chikhli B.O,396240,Dadra & Nagar Haveli,DADRA & NAGAR HAVELI,DADRA & NAGAR HAVELI
Karad,Dapada B.O,396240,Dadra & Nagar Haveli,DADRA & NAGAR HAVELI,DADRA & NAGAR HAVELI
Karad,Surangi B.O,396240,Dadra & Nagar Haveli,DADRA & NAGAR HAVELI,DADRA & NAGAR HAVELI
Karad,Rakholi B.O,396240,Dadra & Nagar Haveli,DADRA & NAGAR HAVELI,DADRA & NAGAR HAVELI
