Aliganj,Lodi Road H.O,110003,Defence Colony,SOUTH EAST DELHI,DELHI
Kasturba Nagar,Lodi Road H.O,110003,Defence Colony,SOUTH EAST DELHI,DELHI
Jeewan Nagar,Jungpura S.O,110014,Defence Colony,SOUTH EAST DELHI,DELHI
Tehkhand,Okhla Industrial Estate S.O,110020,Defence Colony,SOUTH EAST DELHI,DELHI
Zakir Nagar SO,New Friends Colony S.O,110025,Defence Colony,SOUTH EAST DELHI,DELHI
Mungeshpur,Alipur S.O,110036,Alipur,NORTH DELHI,DELHI
Daryapur Village,Daryapur Kalan B.O,110039,Alipur,NORTH DELHI,DELHI
Sanot,Bawana S.O,110039,Narela,NORTH DELHI,DELHI
Mungeshpur Village,Mungeshpur B.O,110039,Narela,NORTH DELHI,DELHI
Daryapur,Bawana S.O,110039,Narela,NORTH DELHI,DELHI
Sanoth Village,Sanoth B.O B.O,110040,Rohini,NORTH WEST DELHI,DELHI
Tikri Khurd village,Tikri Khurd B.O,110040,Narela,NORTH DELHI,DELHI
tikri Khurd,Narela S.O,110040,Narela,NORTH DELHI,DELHI
Sahabad Dairy,Samai Pur S.O,110042,Alipur,NORTH DELHI,DELHI
Sahabad Daulat pur village,Shahbad Daulatpur B.O,110042,Rohini,NORTH WEST DELHI,DELHI
Molar Band,Badarpur S.O (South Delhi),110044,Kalkaji,SOUTH EAST DELHI,DELHI
Tughlakabad,Badarpur S.O (South Delhi),110044,Kalkaji,SOUTH EAST DELHI,DELHI
Jaitpur,Badarpur S.O (South Delhi),110044,Kalkaji,SOUTH EAST DELHI,DELHI
Lal Kuan,Badarpur S.O (South Delhi),110044,Kalkaji,SOUTH EAST DELHI,DELHI
Pul Prahladpur,Badarpur S.O (South Delhi),110044,Kalkaji,SOUTH EAST DELHI,DELHI
Jagdamba Bihar,Nangal Raya S.O,110046,Rajouri Garden,WEST DELHI,DELHI
Mohan nagar,Nangal Raya S.O,110046,Rajouri Garden,WEST DELHI,DELHI
sagarpur,Nangal Raya S.O,110046,Rajouri Garden,WEST DELHI,DELHI
Madanpuri,Nangal Raya S.O,110046,Rajouri Garden,WEST DELHI,DELHI
Sant Maholla,Nangal Raya S.O,110046,Rajouri Garden,WEST DELHI,DELHI
shivpuri,Nangal Raya S.O,110046,Rajouri Garden,WEST DELHI,DELHI
Nangal raya,Nangal Raya S.O,110046,Rajouri Garden,WEST DELHI,DELHI
Gandhi Market,Nangal Raya S.O,110046,Rajouri Garden,WEST DELHI,DELHI
Bharampuri,Nangal Raya S.O,110046,Rajouri Garden,WEST DELHI,DELHI
Veer nagar,Nangal Raya S.O,110046,Rajouri Garden,WEST DELHI,DELHI
Shahpur Jat,Andrewsganj S.O,110049,Defence Colony,SOUTH EAST DELHI,DELHI
Majnu Ka Tilla area,Majnu ka Tila B.O,110054,Alipur,NORTH DELHI,DELHI
Majnu Ka tilla,Civil Lines S.O (North Delhi),110054,Civil Lines,CENTRAL DELHI,DELHI
New Multan Nagar Village,New Multan Nagar B.O,110056,Saraswati Vihar,NORTH WEST DELHI,DELHI
Deoli,Pushpa Bhawan S.O,110062,Hauz Khas,SOUTH DELHI,DELHI
Goyla Khurd,DC Goyla B.O,110071,Najafgarh,SOUTH WEST DELHI,DELHI
Ali BO,Sarita Vihar S.O,110076,Kalkaji,SOUTH EAST DELHI,DELHI
Madanpur Khadar BO,Sarita Vihar S.O,110076,Kalkaji,SOUTH EAST DELHI,DELHI
Naharpur,Rohini Sector-7 S.O,110085,Rohini,NORTH WEST DELHI,DELHI
Naharpur village,Naharpur B.O,110085,Rohini,NORTH WEST DELHI,DELHI
"Prem Nagar, Agar Nagar",Prem Nagar B.O,110086,Rohini,NORTH WEST DELHI,DELHI
Prem Nagar,Sultanpuri C Block S.O,110086,Kanjhawala,NORTH WEST DELHI,DELHI
gokulpuri,Karawal Nagar S.O,110090,Karawal Nagar,NORTH EAST DELHI,DELHI
gokulpuri,Badarpur Khadar B.O,110090,Karawal Nagar,NORTH EAST DELHI,DELHI
