Pondicherry,Pondicherry H.O,605001,Mannadipet Commune Panchayat,PONDICHERRY,PONDICHERRY
Sri Aurobindo ahram,Sri Aurobindo Ashram S.O,605002,Nettapakkam Commune Panchayat,PONDICHERRY,PONDICHERRY
Muthialpet,Muthialpet S.O,605003,Bahour Commune Panchayat,PONDICHERRY,PONDICHERRY
Mudaliyarpet,Mudaliarpet S.O,605004,Ariankuppam Commune Panchayat,PONDICHERRY,PONDICHERRY
Nellithope,Nellithoppe S.O,605005,Ariankuppam Commune Panchayat,PONDICHERRY,PONDICHERRY
Dhanvantry Nagar,Dhanvantry Nagar S.O,605006,Bahour Commune Panchayat,PONDICHERRY,PONDICHERRY
Abishegapakkam,Ariyankuppam S.O,605007,Ariankuppam Commune Panchayat,PONDICHERRY,PONDICHERRY
Ganapathi nagar,Ariyankuppam S.O,605007,Ariankuppam Commune Panchayat,PONDICHERRY,PONDICHERRY
Kalki nagar,Ariyankuppam S.O,605007,Ariankuppam Commune Panchayat,PONDICHERRY,PONDICHERRY
Karikalampakkam,Karikalambakkam B.O,605007,Nettapakkam Commune Panchayat,PONDICHERRY,PONDICHERRY
Korukamedu,Ariyankuppam S.O,605007,Ariankuppam Commune Panchayat,PONDICHERRY,PONDICHERRY
Andiyarpalayampet,Ariyankuppam S.O,605007,Ariankuppam Commune Panchayat,PONDICHERRY,PONDICHERRY
Mathalapattu,Ariyankuppam S.O,605007,Ariankuppam Commune Panchayat,PONDICHERRY,PONDICHERRY
Mettupalayam,Ariyankuppam S.O,605007,Ariankuppam Commune Panchayat,PONDICHERRY,PONDICHERRY
Nallavadu,Nallavadu B.O,605007,Ariankuppam Commune Panchayat,PONDICHERRY,PONDICHERRY
Kamaraj nagar,Ariyankuppam S.O,605007,Ariankuppam Commune Panchayat,PONDICHERRY,PONDICHERRY
Pillayarthittu,Ariyankuppam S.O,605007,Ariankuppam Commune Panchayat,PONDICHERRY,PONDICHERRY
Ariankuppam Commune Panchayat,Ariyankuppam S.O,605007,Ariankuppam Commune Panchayat,PONDICHERRY,PONDICHERRY
Thimmanaickenpalayam,Thimmanaickenpalayam B.O,605007,Ariankuppam Commune Panchayat,PONDICHERRY,PONDICHERRY
Udalapattu,Ariyankuppam S.O,605007,Ariankuppam Commune Panchayat,PONDICHERRY,PONDICHERRY
Andiyarpalayam,Ariyankuppam S.O,605007,Ariankuppam Commune Panchayat,PONDICHERRY,PONDICHERRY
Perungalur,Ariyankuppam S.O,605007,Ariankuppam Commune Panchayat,PONDICHERRY,PONDICHERRY
Theduvarnatham,Ariyankuppam S.O,605007,Ariankuppam Commune Panchayat,PONDICHERRY,PONDICHERRY
Vadapuram keelpathy,Ariyankuppam S.O,605007,Ariankuppam Commune Panchayat,PONDICHERRY,PONDICHERRY
Villupalayam,Ariyankuppam S.O,605007,Ariankuppam Commune Panchayat,PONDICHERRY,PONDICHERRY
Abishegapakkam,Abishegapakkam B.O,605007,Ariankuppam Commune Panchayat,PONDICHERRY,PONDICHERRY
Kasanthittu,Ariyankuppam S.O,605007,Ariankuppam Commune Panchayat,PONDICHERRY,PONDICHERRY
Manavely,Veerampattinam B.O,605007,Ariankuppam Commune Panchayat,PONDICHERRY,PONDICHERRY
Nallavadu,Ariyankuppam S.O,605007,Ariankuppam Commune Panchayat,PONDICHERRY,PONDICHERRY
Perungalur,Karikalambakkam B.O,605007,Villianur Commune Panchayat,PONDICHERRY,PONDICHERRY
Pooranankuppam,Ariyankuppam S.O,605007,Ariankuppam Commune Panchayat,PONDICHERRY,PONDICHERRY
Thanampalayam,Ariyankuppam S.O,605007,Ariankuppam Commune Panchayat,PONDICHERRY,PONDICHERRY
Edayarpalayam,Ariyankuppam S.O,605007,Ariankuppam Commune Panchayat,PONDICHERRY,PONDICHERRY
Karikkan nagar,Ariyankuppam S.O,605007,Ariankuppam Commune Panchayat,PONDICHERRY,PONDICHERRY
Melazhinjipattu,Ariyankuppam S.O,605007,Ariankuppam Commune Panchayat,PONDICHERRY,PONDICHERRY
Nanmedu,Ariyankuppam S.O,605007,Ariankuppam Commune Panchayat,PONDICHERRY,PONDICHERRY
Periyakattupalayam,Ariyankuppam S.O,605007,Ariankuppam Commune Panchayat,PONDICHERRY,PONDICHERRY
Pudukkadai,Ariyankuppam S.O,605007,Ariankuppam Commune Panchayat,PONDICHERRY,PONDICHERRY
Pudukuppam,Ariyankuppam S.O,605007,Ariankuppam Commune Panchayat,PONDICHERRY,PONDICHERRY
Purnankuppam,Pooranankuppam B.O,605007,Ariankuppam Commune Panchayat,PONDICHERRY,PONDICHERRY
Sivanarpuram,Ariyankuppam S.O,605007,Ariankuppam Commune Panchayat,PONDICHERRY,PONDICHERRY
Tavalakuppam,Ariyankuppam S.O,605007,Ariankuppam Commune Panchayat,PONDICHERRY,PONDICHERRY
Thathumedu,Ariyankuppam S.O,605007,Ariankuppam Commune Panchayat,PONDICHERRY,PONDICHERRY
Thimmanaickenpalayam,Ariyankuppam S.O,605007,Ariankuppam Commune Panchayat,PONDICHERRY,PONDICHERRY
Lawspet,Lawspet S.O,605008,Nettapakkam Commune Panchayat,PONDICHERRY,PONDICHERRY
Veemacoundapalayam,Thattanchavady S.O,605009,Nettapakkam Commune Panchayat,PONDICHERRY,PONDICHERRY
Thattanchavady,Thattanchavady S.O,605009,Nettapakkam Commune Panchayat,PONDICHERRY,PONDICHERRY
Muthirapalayam,Thattanchavady S.O,605009,Nettapakkam Commune Panchayat,PONDICHERRY,PONDICHERRY
Mottupalayam,Thattanchavady S.O,605009,Nettapakkam Commune Panchayat,PONDICHERRY,PONDICHERRY
Reddiyarpalayam,Reddiyarpalayam S.O,605010,Ariankuppam Commune Panchayat,PONDICHERRY,PONDICHERRY
olugarai,Reddiyarpalayam S.O,605010,Ariankuppam Commune Panchayat,PONDICHERRY,PONDICHERRY
Venkatanagar,Venkata Nagar S.O,605011,Bahour Commune Panchayat,PONDICHERRY,PONDICHERRY
Saram(Py),Saram(Py) S.O,605013,Bahour Commune Panchayat,PONDICHERRY,PONDICHERRY
chinna kozhuvari village,Pondicherry University S.O,605014,Ariankuppam Commune Panchayat,PONDICHERRY,PONDICHERRY
Kazhuperumbakkam,Pondicherry University S.O,605014,Ariankuppam Commune Panchayat,PONDICHERRY,PONDICHERRY
Pondicherry University,Pondicherry University S.O,605014,Ariankuppam Commune Panchayat,PONDICHERRY,PONDICHERRY
Vilvanatham,Pondicherry University S.O,605014,Ariankuppam Commune Panchayat,PONDICHERRY,PONDICHERRY
Ellaitharasu,Pondicherry University S.O,605014,Ariankuppam Commune Panchayat,PONDICHERRY,PONDICHERRY
Kalapet,Pondicherry University S.O,605014,Ariankuppam Commune Panchayat,PONDICHERRY,PONDICHERRY
Kanagachettikulam,Pondicherry University S.O,605014,Ariankuppam Commune Panchayat,PONDICHERRY,PONDICHERRY
Gangai nagar,Pondicherry University S.O,605014,Ariankuppam Commune Panchayat,PONDICHERRY,PONDICHERRY
Kilputhupet,Pondicherry University S.O,605014,Ariankuppam Commune Panchayat,PONDICHERRY,PONDICHERRY
Nesal,Pondicherry University S.O,605014,Ariankuppam Commune Panchayat,PONDICHERRY,PONDICHERRY
Anichankuppam,Pondicherry University S.O,605014,Ariankuppam Commune Panchayat,PONDICHERRY,PONDICHERRY
Nambikkai nallur,Pondicherry University S.O,605014,Ariankuppam Commune Panchayat,PONDICHERRY,PONDICHERRY
Monniyampet,Pondicherry University S.O,605014,Ariankuppam Commune Panchayat,PONDICHERRY,PONDICHERRY
Kuthiraiponnimedu,Pondicherry University S.O,605014,Ariankuppam Commune Panchayat,PONDICHERRY,PONDICHERRY
Mathur,Pondicherry University S.O,605014,Ariankuppam Commune Panchayat,PONDICHERRY,PONDICHERRY
Thiruvandarkoil,Thiruvandarkoil B.O,605102,Mannadipet Commune Panchayat,PONDICHERRY,PONDICHERRY
Arugur,Ariyur B.O,605102,Villianur Commune Panchayat,PONDICHERRY,PONDICHERRY
Ramanathapuram,Pillur B.O,605103,Villianur Commune Panchayat,PONDICHERRY,PONDICHERRY
Madukkarai,Maducore B.O,605105,Nettapakkam Commune Panchayat,PONDICHERRY,PONDICHERRY
Karaiyambuthur,Karayamputhur B.O,605106,Bahour Commune Panchayat,PONDICHERRY,PONDICHERRY
Sankaranpettai,Nettapakkam S.O,605106,Nettapakkam Commune Panchayat,PONDICHERRY,PONDICHERRY
Kalmandapam,Nettapakkam S.O,605106,Nettapakkam Commune Panchayat,PONDICHERRY,PONDICHERRY
NADUNAYAGAPURAM,Nettapakkam S.O,605106,Nettapakkam Commune Panchayat,PONDICHERRY,PONDICHERRY
Nettapakkam Commune Panchayat,Nettapakkam S.O,605106,Nettapakkam Commune Panchayat,PONDICHERRY,PONDICHERRY
Panayadikuppam,Viranam B.O,605106,Bahour Commune Panchayat,PONDICHERRY,PONDICHERRY
Embalam,Nettapakkam S.O,605106,Nettapakkam Commune Panchayat,PONDICHERRY,PONDICHERRY
Kariamanickam,Kariyamanikam B.O,605106,Nettapakkam Commune Panchayat,PONDICHERRY,PONDICHERRY
Manakuppam,Nallathur B.O,605106,Villianur Commune Panchayat,PONDICHERRY,PONDICHERRY
Pandasozhanur,Nettapakkam S.O,605106,Nettapakkam Commune Panchayat,PONDICHERRY,PONDICHERRY
THATTANKULAM,Nettapakkam S.O,605106,Nettapakkam Commune Panchayat,PONDICHERRY,PONDICHERRY
Embalam,Embalam B.O,605106,Nettapakkam Commune Panchayat,PONDICHERRY,PONDICHERRY
SEMBEDAPETTAI,Nettapakkam S.O,605106,Nettapakkam Commune Panchayat,PONDICHERRY,PONDICHERRY
Sivaranthagam,Nettapakkam S.O,605106,Nettapakkam Commune Panchayat,PONDICHERRY,PONDICHERRY
Karayamputhur,Nettapakkam S.O,605106,Nettapakkam Commune Panchayat,PONDICHERRY,PONDICHERRY
Kizhur,Kijour B.O,605106,Villianur Commune Panchayat,PONDICHERRY,PONDICHERRY
Nettapakkam Commune Panchayat,Mandagapet B.O,605106,Nettapakkam Commune Panchayat,PONDICHERRY,PONDICHERRY
Eripakkam,Kariyamanikam B.O,605106,Nettapakkam Commune Panchayat,PONDICHERRY,PONDICHERRY
M.Kuchippalayam,Nettapakkam S.O,605106,Nettapakkam Commune Panchayat,PONDICHERRY,PONDICHERRY
Nathamedu,Nettapakkam S.O,605106,Nettapakkam Commune Panchayat,PONDICHERRY,PONDICHERRY
Kizhur,Nettapakkam S.O,605106,Nettapakkam Commune Panchayat,PONDICHERRY,PONDICHERRY
Sannasikuppam,Thirubuvanai B.O,605107,Mannadipet Commune Panchayat,PONDICHERRY,PONDICHERRY
Thirubuvanai,Thirubuvanai B.O,605107,Mannadipet Commune Panchayat,PONDICHERRY,PONDICHERRY
Kalithirthalkuppam,Madugadipet B.O,605107,Mannadipet Commune Panchayat,PONDICHERRY,PONDICHERRY
Madagadipet,Madugadipet B.O,605107,Mannadipet Commune Panchayat,PONDICHERRY,PONDICHERRY
Kombakkam,Villiyanur S.O,605110,Villianur Commune Panchayat,PONDICHERRY,PONDICHERRY
Korkadu,Korkadu B.O,605110,Nettapakkam Commune Panchayat,PONDICHERRY,PONDICHERRY
Nadupalayam,Villiyanur S.O,605110,Villianur Commune Panchayat,PONDICHERRY,PONDICHERRY
Poraiyur,Villiyanur S.O,605110,Villianur Commune Panchayat,PONDICHERRY,PONDICHERRY
Santhikuppam,Villiyanur S.O,605110,Villianur Commune Panchayat,PONDICHERRY,PONDICHERRY
Sathamangalam,Mangalam B.O,605110,Villianur Commune Panchayat,PONDICHERRY,PONDICHERRY
T.Andiarpalayam,Villiyanur S.O,605110,Villianur Commune Panchayat,PONDICHERRY,PONDICHERRY
Thavalapet,Villiyanur S.O,605110,Villianur Commune Panchayat,PONDICHERRY,PONDICHERRY
Thirukanji,Kilinjikuppam B.O,605110,Villianur Commune Panchayat,PONDICHERRY,PONDICHERRY
Athuvaikalpet,Villiyanur S.O,605110,Villianur Commune Panchayat,PONDICHERRY,PONDICHERRY
Kilsathamangalam,Villiyanur S.O,605110,Villianur Commune Panchayat,PONDICHERRY,PONDICHERRY
Pappanchavadi,Villiyanur S.O,605110,Villianur Commune Panchayat,PONDICHERRY,PONDICHERRY
Thirukanji,Villiyanur S.O,605110,Villianur Commune Panchayat,PONDICHERRY,PONDICHERRY
Villianur Commune Panchayat,Odiampet B.O,605110,Villianur Commune Panchayat,PONDICHERRY,PONDICHERRY
Mangalam,Villiyanur S.O,605110,Villianur Commune Panchayat,PONDICHERRY,PONDICHERRY
Odiampattu,Villiyanur S.O,605110,Villianur Commune Panchayat,PONDICHERRY,PONDICHERRY
Ottampalayam,Villiyanur S.O,605110,Villianur Commune Panchayat,PONDICHERRY,PONDICHERRY
Sembiapalayam,Villiyanur S.O,605110,Villianur Commune Panchayat,PONDICHERRY,PONDICHERRY
Mangalam,Mangalam B.O,605110,Villianur Commune Panchayat,PONDICHERRY,PONDICHERRY
Oussudu,Villiyanur S.O,605110,Villianur Commune Panchayat,PONDICHERRY,PONDICHERRY
Uruvayar,Villiyanur S.O,605110,Villianur Commune Panchayat,PONDICHERRY,PONDICHERRY
Valluvanpet,Villiyanur S.O,605110,Villianur Commune Panchayat,PONDICHERRY,PONDICHERRY
Villianur Commune Panchayat,Sulthanpet B.O,605110,Villianur Commune Panchayat,PONDICHERRY,PONDICHERRY
Arasur,Villiyanur S.O,605110,Villianur Commune Panchayat,PONDICHERRY,PONDICHERRY
Uruvaiyar,Mangalam B.O,605110,Villianur Commune Panchayat,PONDICHERRY,PONDICHERRY
Villianur Commune Panchayat,Arumbarthapuram B.O,605110,Villianur Commune Panchayat,PONDICHERRY,PONDICHERRY
Ariyapalayam,Villiyanur S.O,605110,Villianur Commune Panchayat,PONDICHERRY,PONDICHERRY
Thakkaikuttai,Villiyanur S.O,605110,Villianur Commune Panchayat,PONDICHERRY,PONDICHERRY
Villianur Commune Panchayat,Villiyanur S.O,605110,Villianur Commune Panchayat,PONDICHERRY,PONDICHERRY
GN palayam,Villiyanur S.O,605110,Villianur Commune Panchayat,PONDICHERRY,PONDICHERRY
V.Thattanchavady,Villiyanur S.O,605110,Villianur Commune Panchayat,PONDICHERRY,PONDICHERRY
Arumparthapuram,Villiyanur S.O,605110,Villianur Commune Panchayat,PONDICHERRY,PONDICHERRY
Korkadu,Villiyanur S.O,605110,Villianur Commune Panchayat,PONDICHERRY,PONDICHERRY
Melsathamangalam,Villiyanur S.O,605110,Villianur Commune Panchayat,PONDICHERRY,PONDICHERRY
Sulthanpet,Villiyanur S.O,605110,Villianur Commune Panchayat,PONDICHERRY,PONDICHERRY
Sedarapet,Sedarapet B.O,605111,Villianur Commune Panchayat,PONDICHERRY,PONDICHERRY
Sedarapet,Tiruchitambalam S.O,605111,Villianur Commune Panchayat,PONDICHERRY,PONDICHERRY
Manalipet,Tirukkanur S.O,605501,Villianur Commune Panchayat,PONDICHERRY,PONDICHERRY
Manalipet,V.Nerkunam B.O,605501,Mannadipet Commune Panchayat,PONDICHERRY,PONDICHERRY
Pudukuppam,Tirumangalam B.O,605501,Mannadipet Commune Panchayat,PONDICHERRY,PONDICHERRY
Kunichampet,Kodukkur B.O,605501,Mannadipet Commune Panchayat,PONDICHERRY,PONDICHERRY
Chettipet,Tirukkanur S.O,605501,Mannadipet Commune Panchayat,PONDICHERRY,PONDICHERRY
Kodathur,Mutrampattu B.O,605501,Mannadipet Commune Panchayat,PONDICHERRY,PONDICHERRY
Kondaredipalayam,Tirukkanur S.O,605501,Mannadipet Commune Panchayat,PONDICHERRY,PONDICHERRY
Vadanur,Vadhanur B.O,605501,Mannadipet Commune Panchayat,PONDICHERRY,PONDICHERRY
Vambupet,Sellipet B.O,605501,Mannadipet Commune Panchayat,PONDICHERRY,PONDICHERRY
Kodathurmanaveli,Tirukkanur S.O,605501,Villianur Commune Panchayat,PONDICHERRY,PONDICHERRY
Koraikeni,Tirukkanur S.O,605501,Mannadipet Commune Panchayat,PONDICHERRY,PONDICHERRY
Sompet,Tirukkanur S.O,605501,Mannadipet Commune Panchayat,PONDICHERRY,PONDICHERRY
Kakkilapet,Tirukkanur S.O,605501,Villianur Commune Panchayat,PONDICHERRY,PONDICHERRY
Kaltherampet,Tirukkanur S.O,605501,Villianur Commune Panchayat,PONDICHERRY,PONDICHERRY
Kunichampet,Tirukkanur S.O,605501,Villianur Commune Panchayat,PONDICHERRY,PONDICHERRY
Mannadipet Commune Panchayat,Mannadipattu B.O,605501,Mannadipet Commune Panchayat,PONDICHERRY,PONDICHERRY
Mummarampet,Tirukkanur S.O,605501,Mannadipet Commune Panchayat,PONDICHERRY,PONDICHERRY
Sorapet,Tirukkanur S.O,605501,Villianur Commune Panchayat,PONDICHERRY,PONDICHERRY
Kodukkur,Tirukkanur S.O,605501,Mannadipet Commune Panchayat,PONDICHERRY,PONDICHERRY
Vinayagampet,Tirukkanur S.O,605501,Villianur Commune Panchayat,PONDICHERRY,PONDICHERRY
Kurampalayam,Tirukkanur S.O,605501,Villianur Commune Panchayat,PONDICHERRY,PONDICHERRY
Mannadipet,Mannadipattu B.O,605501,Mannadipet Commune Panchayat,PONDICHERRY,PONDICHERRY
Sellipattu,Sellipet B.O,605501,Mannadipet Commune Panchayat,PONDICHERRY,PONDICHERRY
Sellipet,Tirukkanur S.O,605501,Villianur Commune Panchayat,PONDICHERRY,PONDICHERRY
Vadanur,Tirukkanur S.O,605501,Villianur Commune Panchayat,PONDICHERRY,PONDICHERRY
Mannadipet,Tirukkanur S.O,605501,Mannadipet Commune Panchayat,PONDICHERRY,PONDICHERRY
Navapalayam,Tirukkanur S.O,605501,Mannadipet Commune Panchayat,PONDICHERRY,PONDICHERRY
Sorapet,Sorapattu B.O,605501,Mannadipet Commune Panchayat,PONDICHERRY,PONDICHERRY
Koodapakkam,Coudapakkam B.O,605502,Villianur Commune Panchayat,PONDICHERRY,PONDICHERRY
Kuppam,Katterikuppam B.O,605502,Mannadipet Commune Panchayat,PONDICHERRY,PONDICHERRY
Karasur,Kadaperikuppam B.O,605502,Villianur Commune Panchayat,PONDICHERRY,PONDICHERRY
Katteri,Katterikuppam B.O,605502,Mannadipet Commune Panchayat,PONDICHERRY,PONDICHERRY
Suthukeny,Suthukeni B.O,605502,Mannadipet Commune Panchayat,PONDICHERRY,PONDICHERRY
Thuthipet,Kadaperikuppam B.O,605502,Villianur Commune Panchayat,PONDICHERRY,PONDICHERRY
Pillaiyarkuppam,Thondamanatham B.O,605502,Villianur Commune Panchayat,PONDICHERRY,PONDICHERRY
Thondamanatham,Thondamanatham B.O,605502,Villianur Commune Panchayat,PONDICHERRY,PONDICHERRY
Thethampakkam,Suthukeni B.O,605502,Mannadipet Commune Panchayat,PONDICHERRY,PONDICHERRY
Ulaivaikkal,Coudapakkam B.O,605502,Villianur Commune Panchayat,PONDICHERRY,PONDICHERRY
Adingapet,Bahoor S.O,607402,Bahour Commune Panchayat,PONDICHERRY,PONDICHERRY
Chinna Karayamputhur,Bahoor S.O,607402,Bahour Commune Panchayat,PONDICHERRY,PONDICHERRY
Irulansandai,Bahoor S.O,607402,Bahour Commune Panchayat,PONDICHERRY,PONDICHERRY
Kaduvanur,Bahoor S.O,607402,Bahour Commune Panchayat,PONDICHERRY,PONDICHERRY
Koravallimedu,Bahoor S.O,607402,Bahour Commune Panchayat,PONDICHERRY,PONDICHERRY
Nirnayapet,Bahoor S.O,607402,Bahour Commune Panchayat,PONDICHERRY,PONDICHERRY
Pinnatchikuppam,Bahoor S.O,607402,Bahour Commune Panchayat,PONDICHERRY,PONDICHERRY
Poovalai,Bahoor S.O,607402,Bahour Commune Panchayat,PONDICHERRY,PONDICHERRY
Seliamedu,Seliamedu B.O,607402,Bahour Commune Panchayat,PONDICHERRY,PONDICHERRY
Aranganur,Seliamedu B.O,607402,Bahour Commune Panchayat,PONDICHERRY,PONDICHERRY
Bahour,Bahoor S.O,607402,Bahour Commune Panchayat,PONDICHERRY,PONDICHERRY
Courouvinatham,Bahoor S.O,607402,Bahour Commune Panchayat,PONDICHERRY,PONDICHERRY
Malayaperumal Agaram,Bahoor S.O,607402,Bahour Commune Panchayat,PONDICHERRY,PONDICHERRY
Outchimedu,Manapeth B.O,607402,Bahour Commune Panchayat,PONDICHERRY,PONDICHERRY
Pattaraipathi,Bahoor S.O,607402,Bahour Commune Panchayat,PONDICHERRY,PONDICHERRY
Sarkasimedu,Bahoor S.O,607402,Bahour Commune Panchayat,PONDICHERRY,PONDICHERRY
Varakalodai,Bahoor S.O,607402,Bahour Commune Panchayat,PONDICHERRY,PONDICHERRY
Bahour Commune Panchayat,Bahoor S.O,607402,Bahour Commune Panchayat,PONDICHERRY,PONDICHERRY
Kudiyiruppupalayam,Bahoor S.O,607402,Bahour Commune Panchayat,PONDICHERRY,PONDICHERRY
Kumudhanmedu,Bahoor S.O,607402,Bahour Commune Panchayat,PONDICHERRY,PONDICHERRY
Kuruvinatham,Courivinatham B.O,607402,Bahour Commune Panchayat,PONDICHERRY,PONDICHERRY
Manamedu,Bahoor S.O,607402,Bahour Commune Panchayat,PONDICHERRY,PONDICHERRY
Puthukuppam,Bahoor S.O,607402,Bahour Commune Panchayat,PONDICHERRY,PONDICHERRY
Uchimedu,Bahoor S.O,607402,Bahour Commune Panchayat,PONDICHERRY,PONDICHERRY
Vazhapattu,Bahoor S.O,607402,Bahour Commune Panchayat,PONDICHERRY,PONDICHERRY
Kaduvanur,Manamedu B.O,607402,Bahour Commune Panchayat,PONDICHERRY,PONDICHERRY
Kanniakoil,Bahoor S.O,607402,Bahour Commune Panchayat,PONDICHERRY,PONDICHERRY
Manamedu,Manamedu B.O,607402,Bahour Commune Panchayat,PONDICHERRY,PONDICHERRY
Mathikrishnapuram,Bahoor S.O,607402,Bahour Commune Panchayat,PONDICHERRY,PONDICHERRY
Moorthikuppam,Bahoor S.O,607402,Bahour Commune Panchayat,PONDICHERRY,PONDICHERRY
sulliyankuppam,Bahoor S.O,607402,Bahour Commune Panchayat,PONDICHERRY,PONDICHERRY
Melparikkampet,Bahoor S.O,607402,Bahour Commune Panchayat,PONDICHERRY,PONDICHERRY
Manapattu,Manapeth B.O,607402,Bahour Commune Panchayat,PONDICHERRY,PONDICHERRY
Narareddipalayam,Bahoor S.O,607402,Bahour Commune Panchayat,PONDICHERRY,PONDICHERRY
Perichampakkam,Bahoor S.O,607402,Bahour Commune Panchayat,PONDICHERRY,PONDICHERRY
Seliamedu,Bahoor S.O,607402,Bahour Commune Panchayat,PONDICHERRY,PONDICHERRY
Soriankuppam,Bahoor S.O,607402,Bahour Commune Panchayat,PONDICHERRY,PONDICHERRY
Arachikuppam,Bahoor S.O,607402,Bahour Commune Panchayat,PONDICHERRY,PONDICHERRY
Kilparikkalpet,Bahoor S.O,607402,Bahour Commune Panchayat,PONDICHERRY,PONDICHERRY
Manapeth,Bahoor S.O,607402,Bahour Commune Panchayat,PONDICHERRY,PONDICHERRY
Parikalpet,Bahoor S.O,607402,Bahour Commune Panchayat,PONDICHERRY,PONDICHERRY
Aranganur,Bahoor S.O,607402,Bahour Commune Panchayat,PONDICHERRY,PONDICHERRY
Irulansandy,Courivinatham B.O,607402,Bahour Commune Panchayat,PONDICHERRY,PONDICHERRY
Kattukuppam,Bahoor S.O,607402,Bahour Commune Panchayat,PONDICHERRY,PONDICHERRY
Narambai,Bahoor S.O,607402,Bahour Commune Panchayat,PONDICHERRY,PONDICHERRY
Vannankulam,Bahoor S.O,607402,Bahour Commune Panchayat,PONDICHERRY,PONDICHERRY
Pillaiarkuppam,Pillayarkuppam B.O,607403,Bahour Commune Panchayat,PONDICHERRY,PONDICHERRY
Valluvarmedu,Kirumambakkam,607403,Bahour Commune Panchayat,PONDICHERRY,PONDICHERRY
Nagappanur,Kirumambakkam,607403,Bahour Commune Panchayat,PONDICHERRY,PONDICHERRY
Pillayarkuppam,Kirumambakkam,607403,Bahour Commune Panchayat,PONDICHERRY,PONDICHERRY
Eachangadu,Kirumambakkam,607403,Bahour Commune Panchayat,PONDICHERRY,PONDICHERRY
Kandanpet,Kirumambakkam,607403,Bahour Commune Panchayat,PONDICHERRY,PONDICHERRY
Kirumampakkam,Kirumambakkam,607403,Bahour Commune Panchayat,PONDICHERRY,PONDICHERRY
Pannithittu,Kirumambakkam,607403,Bahour Commune Panchayat,PONDICHERRY,PONDICHERRY
Vambapet,Kirumambakkam,607403,Bahour Commune Panchayat,PONDICHERRY,PONDICHERRY
Aladimedu,Kirumambakkam,607403,Bahour Commune Panchayat,PONDICHERRY,PONDICHERRY
Keelalinjipattu,Kirumambakkam,607403,Bahour Commune Panchayat,PONDICHERRY,PONDICHERRY
Reddichavady,Kirumambakkam,607403,Bahour Commune Panchayat,PONDICHERRY,PONDICHERRY
kumarakudi,Nallambal B.O,609601,Thirunallar Commune Panchayat,KARAIKAL,PONDICHERRY
Nallazhundur,Nallambal B.O,609601,Thirunallar Commune Panchayat,KARAIKAL,PONDICHERRY
Ambagarathur,Ambagarathur S.O,609601,Thirunallar Commune Panchayat,KARAIKAL,PONDICHERRY
gurunathapuram,Seithur B.O,609601,Thirunallar Commune Panchayat,KARAIKAL,PONDICHERRY
kottapady,Seithur B.O,609601,Thirunallar Commune Panchayat,KARAIKAL,PONDICHERRY
kalladi st,Ambagarathur S.O,609601,Thirunallar Commune Panchayat,KARAIKAL,PONDICHERRY
then pidagai,Seithur B.O,609601,Thirunallar Commune Panchayat,KARAIKAL,PONDICHERRY
vadakkupet st,Ambagarathur S.O,609601,Thirunallar Commune Panchayat,KARAIKAL,PONDICHERRY
vedan thuppu,Ambagarathur S.O,609601,Thirunallar Commune Panchayat,KARAIKAL,PONDICHERRY
rice mill st,Ambagarathur S.O,609601,Thirunallar Commune Panchayat,KARAIKAL,PONDICHERRY
pandaravadai,Seithur B.O,609601,Thirunallar Commune Panchayat,KARAIKAL,PONDICHERRY
Sethur,Seithur B.O,609601,Thirunallar Commune Panchayat,KARAIKAL,PONDICHERRY
iyyer kottapady,Seithur B.O,609601,Thirunallar Commune Panchayat,KARAIKAL,PONDICHERRY
kannapur st,Ambagarathur S.O,609601,Thirunallar Commune Panchayat,KARAIKAL,PONDICHERRY
solan kurichi salai,Ambagarathur S.O,609601,Thirunallar Commune Panchayat,KARAIKAL,PONDICHERRY
madarsa st,Ambagarathur S.O,609601,Thirunallar Commune Panchayat,KARAIKAL,PONDICHERRY
puduthurai,Karaikal S.O,609602,Kottucherry Commune Panchayat,KARAIKAL,PONDICHERRY
karaikal,Karaikal S.O,609602,Kottucherry Commune Panchayat,KARAIKAL,PONDICHERRY
Dharmapuram,Karaikal S.O,609602,Kottucherry Commune Panchayat,KARAIKAL,PONDICHERRY
Agaramangudy,Nedungadu S.O,609603,Nedungadu Commune Panchayat,KARAIKAL,PONDICHERRY
AGARAMUGANDANOOR,Velangudi B.O,609603,Nedungadu Commune Panchayat,KARAIKAL,PONDICHERRY
KOLLAR ST,Melakasakudi B.O,609603,Nedungadu Commune Panchayat,KARAIKAL,PONDICHERRY
MARIYAMMAN KOVIL ST,Melakasakudi B.O,609603,Nedungadu Commune Panchayat,KARAIKAL,PONDICHERRY
Mela paruthikudi,Nedungadu S.O,609603,Nedungadu Commune Panchayat,KARAIKAL,PONDICHERRY
Nedungadu,Nedungadu S.O,609603,Nedungadu Commune Panchayat,KARAIKAL,PONDICHERRY
SANDHANA MADHA CHURCH,Melakasakudi B.O,609603,Nedungadu Commune Panchayat,KARAIKAL,PONDICHERRY
SARAVANA IRUPPU,Nedungadu S.O,609603,Nedungadu Commune Panchayat,KARAIKAL,PONDICHERRY
THENPATHY MELA ST,Melakasakudi B.O,609603,Nedungadu Commune Panchayat,KARAIKAL,PONDICHERRY
ADAIKALAPURAM,Nallathur B.O,609603,Nedungadu Commune Panchayat,KARAIKAL,PONDICHERRY
AGARAMATHUR,Velangudi B.O,609603,Nedungadu Commune Panchayat,KARAIKAL,PONDICHERRY
KUMARAMANGALAM,Velangudi B.O,609603,Nedungadu Commune Panchayat,KARAIKAL,PONDICHERRY
Kurumbagaram,Tirukottaram B.O,609603,Nedungadu Commune Panchayat,KARAIKAL,PONDICHERRY
KVLAKKUDY,Nedungadu S.O,609603,Nedungadu Commune Panchayat,KARAIKAL,PONDICHERRY
NARIKARAMBAI,Kurumbagaram B.O,609603,Nedungadu Commune Panchayat,KARAIKAL,PONDICHERRY
OLD SCHOOL ST,Melakasakudi B.O,609603,Nedungadu Commune Panchayat,KARAIKAL,PONDICHERRY
PANCHATCHARAPURAM,Nedungadu S.O,609603,Nedungadu Commune Panchayat,KARAIKAL,PONDICHERRY
THEHPATHY ST,Melakasakudi B.O,609603,Nedungadu Commune Panchayat,KARAIKAL,PONDICHERRY
THIRUVENGADAPURAM,Melakasakudi B.O,609603,Nedungadu Commune Panchayat,KARAIKAL,PONDICHERRY
ANDOOR,Nedungadu S.O,609603,Nedungadu Commune Panchayat,KARAIKAL,PONDICHERRY
Annavasal,Nedungadu S.O,609603,Nedungadu Commune Panchayat,KARAIKAL,PONDICHERRY
KANJEEPURAM KOVIL PATHU,Melakasakudi B.O,609603,Nedungadu Commune Panchayat,KARAIKAL,PONDICHERRY
MELA ST,Melakasakudi B.O,609603,Nedungadu Commune Panchayat,KARAIKAL,PONDICHERRY
MELAPADUGAI,Nallathur B.O,609603,Nedungadu Commune Panchayat,KARAIKAL,PONDICHERRY
PILLAI THERUVASAL,Melakasakudi B.O,609603,Nedungadu Commune Panchayat,KARAIKAL,PONDICHERRY
VADAPATHY,Melakasakudi B.O,609603,Nedungadu Commune Panchayat,KARAIKAL,PONDICHERRY
VILVARAYANKULAM,Tirukottaram B.O,609603,Nedungadu Commune Panchayat,KARAIKAL,PONDICHERRY
AGARAM,Melakasakudi B.O,609603,Nedungadu Commune Panchayat,KARAIKAL,PONDICHERRY
Kurumbagaram,Kurumbagaram B.O,609603,Nedungadu Commune Panchayat,KARAIKAL,PONDICHERRY
MAIN ROAD,Melakasakudi B.O,609603,Nedungadu Commune Panchayat,KARAIKAL,PONDICHERRY
MIDDLE ST,Melakasakudi B.O,609603,Nedungadu Commune Panchayat,KARAIKAL,PONDICHERRY
THENKARAI MATHUR,Tirukottaram B.O,609603,Nedungadu Commune Panchayat,KARAIKAL,PONDICHERRY
THIRUKOTTARAM,Tirukottaram B.O,609603,Nedungadu Commune Panchayat,KARAIKAL,PONDICHERRY
USUPOOR,Nedungadu S.O,609603,Nedungadu Commune Panchayat,KARAIKAL,PONDICHERRY
CHOZHANKURICHI,Tirukottaram B.O,609603,Nedungadu Commune Panchayat,KARAIKAL,PONDICHERRY
KEE PONPETTHI,Melakasakudi B.O,609603,Nedungadu Commune Panchayat,KARAIKAL,PONDICHERRY
KEELA NEDUNGADU,Nedungadu S.O,609603,Nedungadu Commune Panchayat,KARAIKAL,PONDICHERRY
MAILAPATHU,Tirukottaram B.O,609603,Nedungadu Commune Panchayat,KARAIKAL,PONDICHERRY
melavelangudi EB-st,Velangudi B.O,609603,Nedungadu Commune Panchayat,KARAIKAL,PONDICHERRY
MUGANDANOOR,Velangudi B.O,609603,Nedungadu Commune Panchayat,KARAIKAL,PONDICHERRY
PERUMAL KOVIL ST,Melakasakudi B.O,609603,Nedungadu Commune Panchayat,KARAIKAL,PONDICHERRY
VANNAN KULAM,Melakasakudi B.O,609603,Nedungadu Commune Panchayat,KARAIKAL,PONDICHERRY
KEELA SEMBIANGAL,Melakasakudi B.O,609603,Nedungadu Commune Panchayat,KARAIKAL,PONDICHERRY
MANAPATTAM,Velangudi B.O,609603,Nedungadu Commune Panchayat,KARAIKAL,PONDICHERRY
MATHALANGUDI,Kurumbagaram B.O,609603,Nedungadu Commune Panchayat,KARAIKAL,PONDICHERRY
Melakasakudy,Tirukottaram B.O,609603,Nedungadu Commune Panchayat,KARAIKAL,PONDICHERRY
PERALAM,Tirukottaram B.O,609603,Nedungadu Commune Panchayat,KARAIKAL,PONDICHERRY
Peralam - Tamilnadu,Nedungadu S.O,609603,Nedungadu Commune Panchayat,KARAIKAL,PONDICHERRY
PILLAIYAR KOVIL ST,Melakasakudi B.O,609603,Nedungadu Commune Panchayat,KARAIKAL,PONDICHERRY
KANNIYAMMAN KOVIL ST,Melakasakudi B.O,609603,Nedungadu Commune Panchayat,KARAIKAL,PONDICHERRY
Karaikal,Nedungadu S.O,609603,Nedungadu Commune Panchayat,KARAIKAL,PONDICHERRY
Keela paruthikudi,Nedungadu S.O,609603,Nedungadu Commune Panchayat,KARAIKAL,PONDICHERRY
KOTTAPAKKAM,Nedungadu S.O,609603,Nedungadu Commune Panchayat,KARAIKAL,PONDICHERRY
Melakasakudy,Melakasakudi B.O,609603,Nedungadu Commune Panchayat,KARAIKAL,PONDICHERRY
Nadu kadu,Nedungadu S.O,609603,Nedungadu Commune Panchayat,KARAIKAL,PONDICHERRY
Nedungadu Commune Panchayat,Nallathur B.O,609603,Nedungadu Commune Panchayat,KARAIKAL,PONDICHERRY
Nedungadu Commune Panchayat,Nedungadu S.O,609603,Nedungadu Commune Panchayat,KARAIKAL,PONDICHERRY
Serumavilangai,Nedungadu S.O,609603,Nedungadu Commune Panchayat,KARAIKAL,PONDICHERRY
sivankoil street,Melakasakudi B.O,609603,Nedungadu Commune Panchayat,KARAIKAL,PONDICHERRY
VADAKARAI MATHUR,Velangudi B.O,609603,Nedungadu Commune Panchayat,KARAIKAL,PONDICHERRY
VADAKATTALAI,Nedungadu S.O,609603,Nedungadu Commune Panchayat,KARAIKAL,PONDICHERRY
KAMUGAKUDI,Velangudi B.O,609603,Nedungadu Commune Panchayat,KARAIKAL,PONDICHERRY
KEEZHAVELANGUDI,Velangudi B.O,609603,Nedungadu Commune Panchayat,KARAIKAL,PONDICHERRY
KILIYANUR,Nedungadu S.O,609603,Nedungadu Commune Panchayat,KARAIKAL,PONDICHERRY
KOTTAGAM,Nedungadu S.O,609603,Nedungadu Commune Panchayat,KARAIKAL,PONDICHERRY
LGR COLONY,Melakasakudi B.O,609603,Nedungadu Commune Panchayat,KARAIKAL,PONDICHERRY
Pandaravodai,Kurumbagaram B.O,609603,Nedungadu Commune Panchayat,KARAIKAL,PONDICHERRY
Ponbethy,Melakasakudi B.O,609603,Nedungadu Commune Panchayat,KARAIKAL,PONDICHERRY
Karuchalachery,Akkaraivattam B.O,609604,Neravy Commune Panchayat,KARAIKAL,PONDICHERRY
Naduaduthurai,Akkaraivattam B.O,609604,Neravy Commune Panchayat,KARAIKAL,PONDICHERRY
nadukulam pettai,Neravy S.O,609604,Neravy Commune Panchayat,KARAIKAL,PONDICHERRY
akkaravattam,Akkaraivattam B.O,609604,Neravy Commune Panchayat,KARAIKAL,PONDICHERRY
Neravy Commune Panchayat,Akkaraivattam B.O,609604,Neravy Commune Panchayat,KARAIKAL,PONDICHERRY
Neravy Commune Panchayat,Neravy S.O,609604,Neravy Commune Panchayat,KARAIKAL,PONDICHERRY
Vizhidiur,Neravy S.O,609604,Neravy Commune Panchayat,KARAIKAL,PONDICHERRY
meladuthurai,Neravy S.O,609604,Neravy Commune Panchayat,KARAIKAL,PONDICHERRY
Ammalchathiram,Akkaraivattam B.O,609604,Neravy Commune Panchayat,KARAIKAL,PONDICHERRY
Neravy,Neravy S.O,609604,Neravy Commune Panchayat,KARAIKAL,PONDICHERRY
Nethaji nagar,Akkaraivattam B.O,609604,Neravy Commune Panchayat,KARAIKAL,PONDICHERRY
Subbiahpillai nagar,Akkaraivattam B.O,609604,Neravy Commune Panchayat,KARAIKAL,PONDICHERRY
Keeladuthurai,Akkaraivattam B.O,609604,Neravy Commune Panchayat,KARAIKAL,PONDICHERRY
Kizhamanai,Alathur B.O,609604,Neravy Commune Panchayat,KARAIKAL,PONDICHERRY
nagathoppu,Neravy S.O,609604,Neravy Commune Panchayat,KARAIKAL,PONDICHERRY
kuyavanchavadi,Neravy S.O,609604,Neravy Commune Panchayat,KARAIKAL,PONDICHERRY
puthumanai pettai,Neravy S.O,609604,Neravy Commune Panchayat,KARAIKAL,PONDICHERRY
koilpathu,Neravy S.O,609604,Neravy Commune Panchayat,KARAIKAL,PONDICHERRY
paravai pet,Thalatheru S.O,609605,Kottucherry Commune Panchayat,KARAIKAL,PONDICHERRY
karaikalmedu,Thalatheru S.O,609605,Kottucherry Commune Panchayat,KARAIKAL,PONDICHERRY
kilinjal medu,Thalatheru S.O,609605,Kottucherry Commune Panchayat,KARAIKAL,PONDICHERRY
thalatheru,Thalatheru S.O,609605,Kottucherry Commune Panchayat,KARAIKAL,PONDICHERRY
Amirtha nagar,Tirumalairayanpattinam S.O,609606,Thirumalairayan Pattinam Commune Panchayat,KARAIKAL,PONDICHERRY
malayan st,Tirumalairayanpattinam S.O,609606,Thirumalairayan Pattinam Commune Panchayat,KARAIKAL,PONDICHERRY
pudu colony st,Tirumalairayanpattinam S.O,609606,Thirumalairayan Pattinam Commune Panchayat,KARAIKAL,PONDICHERRY
v.v.p east st,Tirumalairayanpattinam S.O,609606,Thirumalairayan Pattinam Commune Panchayat,KARAIKAL,PONDICHERRY
vellakulam colony,Tirumalairayanpattinam S.O,609606,Thirumalairayan Pattinam Commune Panchayat,KARAIKAL,PONDICHERRY
vellamandaba st,Tirumalairayanpattinam S.O,609606,Thirumalairayan Pattinam Commune Panchayat,KARAIKAL,PONDICHERRY
church st,Tirumalairayanpattinam S.O,609606,Thirumalairayan Pattinam Commune Panchayat,KARAIKAL,PONDICHERRY
market st,Tirumalairayanpattinam S.O,609606,Thirumalairayan Pattinam Commune Panchayat,KARAIKAL,PONDICHERRY
pattinacherry,Tirumalairayanpattinam S.O,609606,Thirumalairayan Pattinam Commune Panchayat,KARAIKAL,PONDICHERRY
Polagam,Tirumalairayanpattinam S.O,609606,Thirumalairayan Pattinam Commune Panchayat,KARAIKAL,PONDICHERRY
porai yathmari carst,Tirumalairayanpattinam S.O,609606,Thirumalairayan Pattinam Commune Panchayat,KARAIKAL,PONDICHERRY
v.v.p north mada st,Tirumalairayanpattinam S.O,609606,Thirumalairayan Pattinam Commune Panchayat,KARAIKAL,PONDICHERRY
veeran kovil st,Tirumalairayanpattinam S.O,609606,Thirumalairayan Pattinam Commune Panchayat,KARAIKAL,PONDICHERRY
high school st,Tirumalairayanpattinam S.O,609606,Thirumalairayan Pattinam Commune Panchayat,KARAIKAL,PONDICHERRY
North vanjore,Tirumalairayanpattinam S.O,609606,Thirumalairayan Pattinam Commune Panchayat,KARAIKAL,PONDICHERRY
periya maricar st,Tirumalairayanpattinam S.O,609606,Thirumalairayan Pattinam Commune Panchayat,KARAIKAL,PONDICHERRY
ramasamy kovil st,Tirumalairayanpattinam S.O,609606,Thirumalairayan Pattinam Commune Panchayat,KARAIKAL,PONDICHERRY
Reddy st,Tirumalairayanpattinam S.O,609606,Thirumalairayan Pattinam Commune Panchayat,KARAIKAL,PONDICHERRY
Thirumalairayan Pattinam Commune Panchayat,Tirumalairayanpattinam S.O,609606,Thirumalairayan Pattinam Commune Panchayat,KARAIKAL,PONDICHERRY
vadakattalai st,Tirumalairayanpattinam S.O,609606,Thirumalairayan Pattinam Commune Panchayat,KARAIKAL,PONDICHERRY
vengadesa perumal north st,Tirumalairayanpattinam S.O,609606,Thirumalairayan Pattinam Commune Panchayat,KARAIKAL,PONDICHERRY
eda st,Tirumalairayanpattinam S.O,609606,Thirumalairayan Pattinam Commune Panchayat,KARAIKAL,PONDICHERRY
Ellaiyamman kovil st,Tirumalairayanpattinam S.O,609606,Thirumalairayan Pattinam Commune Panchayat,KARAIKAL,PONDICHERRY
keerapandi nagar,Tirumalairayanpattinam S.O,609606,Thirumalairayan Pattinam Commune Panchayat,KARAIKAL,PONDICHERRY
maham road,Tirumalairayanpattinam S.O,609606,Thirumalairayan Pattinam Commune Panchayat,KARAIKAL,PONDICHERRY
Mariyamman koil street,Tirumalairayanpattinam S.O,609606,Thirumalairayan Pattinam Commune Panchayat,KARAIKAL,PONDICHERRY
melaiyur,Tirumalairayanpattinam S.O,609606,Thirumalairayan Pattinam Commune Panchayat,KARAIKAL,PONDICHERRY
Muthali medu,Tirumalairayanpattinam S.O,609606,Thirumalairayan Pattinam Commune Panchayat,KARAIKAL,PONDICHERRY
pandaga salai st,Tirumalairayanpattinam S.O,609606,Thirumalairayan Pattinam Commune Panchayat,KARAIKAL,PONDICHERRY
Thirumalairayanpattinam,T.R.Pattinam South B.O,609606,Thirumalairayan Pattinam Commune Panchayat,KARAIKAL,PONDICHERRY
veera pillai st,Tirumalairayanpattinam S.O,609606,Thirumalairayan Pattinam Commune Panchayat,KARAIKAL,PONDICHERRY
vengadesa perumal west st,Tirumalairayanpattinam S.O,609606,Thirumalairayan Pattinam Commune Panchayat,KARAIKAL,PONDICHERRY
ganapathiya pillai st,Tirumalairayanpattinam S.O,609606,Thirumalairayan Pattinam Commune Panchayat,KARAIKAL,PONDICHERRY
kattapillai maricarthottam,Tirumalairayanpattinam S.O,609606,Thirumalairayan Pattinam Commune Panchayat,KARAIKAL,PONDICHERRY
keelaiyur st,Tirumalairayanpattinam S.O,609606,Thirumalairayan Pattinam Commune Panchayat,KARAIKAL,PONDICHERRY
Keezhaiyur (North),Tirumalairayanpattinam S.O,609606,Thirumalairayan Pattinam Commune Panchayat,KARAIKAL,PONDICHERRY
kelaiyur south st,Tirumalairayanpattinam S.O,609606,Thirumalairayan Pattinam Commune Panchayat,KARAIKAL,PONDICHERRY
v.v.p. south mada st,Tirumalairayanpattinam S.O,609606,Thirumalairayan Pattinam Commune Panchayat,KARAIKAL,PONDICHERRY
vengadesa perumal,Tirumalairayanpattinam S.O,609606,Thirumalairayan Pattinam Commune Panchayat,KARAIKAL,PONDICHERRY
vengadesa perumal south st,Tirumalairayanpattinam S.O,609606,Thirumalairayan Pattinam Commune Panchayat,KARAIKAL,PONDICHERRY
abirami madavilagam,Tirumalairayanpattinam S.O,609606,Thirumalairayan Pattinam Commune Panchayat,KARAIKAL,PONDICHERRY
ayyanarkoil street,Tirumalairayanpattinam S.O,609606,Thirumalairayan Pattinam Commune Panchayat,KARAIKAL,PONDICHERRY
Babanarishi kovil st,Tirumalairayanpattinam S.O,609606,Thirumalairayan Pattinam Commune Panchayat,KARAIKAL,PONDICHERRY
Keezhaiyur (South),Tirumalairayanpattinam S.O,609606,Thirumalairayan Pattinam Commune Panchayat,KARAIKAL,PONDICHERRY
Namikattalai road,Tirumalairayanpattinam S.O,609606,Thirumalairayan Pattinam Commune Panchayat,KARAIKAL,PONDICHERRY
VS nagar,Tirumalairayanpattinam S.O,609606,Thirumalairayan Pattinam Commune Panchayat,KARAIKAL,PONDICHERRY
Keelaiyur south,Tirumalairayanpattinam S.O,609606,Thirumalairayan Pattinam Commune Panchayat,KARAIKAL,PONDICHERRY
neduntheru,Tirumalairayanpattinam S.O,609606,Thirumalairayan Pattinam Commune Panchayat,KARAIKAL,PONDICHERRY
new st,Tirumalairayanpattinam S.O,609606,Thirumalairayan Pattinam Commune Panchayat,KARAIKAL,PONDICHERRY
v.v. perumal sannithi,Tirumalairayanpattinam S.O,609606,Thirumalairayan Pattinam Commune Panchayat,KARAIKAL,PONDICHERRY
v.v.p colony st,Tirumalairayanpattinam S.O,609606,Thirumalairayan Pattinam Commune Panchayat,KARAIKAL,PONDICHERRY
vellan st,Tirumalairayanpattinam S.O,609606,Thirumalairayan Pattinam Commune Panchayat,KARAIKAL,PONDICHERRY
BPCL quarters,Tirumalairayanpattinam S.O,609606,Thirumalairayan Pattinam Commune Panchayat,KARAIKAL,PONDICHERRY
garudapalayam st,Tirumalairayanpattinam S.O,609606,Thirumalairayan Pattinam Commune Panchayat,KARAIKAL,PONDICHERRY
sivan east st,Tirumalairayanpattinam S.O,609606,Thirumalairayan Pattinam Commune Panchayat,KARAIKAL,PONDICHERRY
Thirumalairayanpattinam,Tirumalairayanpattinam S.O,609606,Thirumalairayan Pattinam Commune Panchayat,KARAIKAL,PONDICHERRY
athipadugai,Tirunallar S.O,609607,Thirunallar Commune Panchayat,KARAIKAL,PONDICHERRY
east subrayapuram,Tirunallar S.O,609607,Thirunallar Commune Panchayat,KARAIKAL,PONDICHERRY
sayampalayam,Surakudi B.O,609607,Thirunallar Commune Panchayat,KARAIKAL,PONDICHERRY
Sellur,Tirunallar S.O,609607,Thirunallar Commune Panchayat,KARAIKAL,PONDICHERRY
valathamangalam,Karukkangudi B.O,609607,Thirunallar Commune Panchayat,KARAIKAL,PONDICHERRY
kottupalayam,Vizhithiyur B.O,609607,Neravy Commune Panchayat,KARAIKAL,PONDICHERRY
poomangalam,Tirunallar S.O,609607,Thirunallar Commune Panchayat,KARAIKAL,PONDICHERRY
indira nagar,Karukkangudi B.O,609607,Thirunallar Commune Panchayat,KARAIKAL,PONDICHERRY
keezhani,Tirunallar S.O,609607,Thirunallar Commune Panchayat,KARAIKAL,PONDICHERRY
Thirunallar,Tirunallar S.O,609607,Thirunallar Commune Panchayat,KARAIKAL,PONDICHERRY
Subrayapuram,Surakudi B.O,609607,Thirunallar Commune Panchayat,KARAIKAL,PONDICHERRY
thakkalma,Tirunallar S.O,609607,Thirunallar Commune Panchayat,KARAIKAL,PONDICHERRY
Vizhidiur,Vizhithiyur B.O,609607,Neravy Commune Panchayat,KARAIKAL,PONDICHERRY
east puthamangalam,Tirunallar S.O,609607,Thirunallar Commune Panchayat,KARAIKAL,PONDICHERRY
Keezhavoor (Part),Surakudi B.O,609607,Thirunallar Commune Panchayat,KARAIKAL,PONDICHERRY
mela suprayapuram,Surakudi B.O,609607,Thirunallar Commune Panchayat,KARAIKAL,PONDICHERRY
melaputhamangalam,Tirunallar S.O,609607,Thirunallar Commune Panchayat,KARAIKAL,PONDICHERRY
pathakudi,Karukkangudi B.O,609607,Thirunallar Commune Panchayat,KARAIKAL,PONDICHERRY
visvanathapuram,Vizhithiyur B.O,609607,Neravy Commune Panchayat,KARAIKAL,PONDICHERRY
kalapadugai,Karukkangudi B.O,609607,Thirunallar Commune Panchayat,KARAIKAL,PONDICHERRY
Pettai,Vizhithiyur B.O,609607,Thirunallar Commune Panchayat,KARAIKAL,PONDICHERRY
thenoor,Surakudi B.O,609607,Thirunallar Commune Panchayat,KARAIKAL,PONDICHERRY
Thirunallar Commune Panchayat,Tirunallar S.O,609607,Thirunallar Commune Panchayat,KARAIKAL,PONDICHERRY
uthiranthudy,Tirunallar S.O,609607,Thirunallar Commune Panchayat,KARAIKAL,PONDICHERRY
elayangudi,Karukkangudi B.O,609607,Thirunallar Commune Panchayat,KARAIKAL,PONDICHERRY
Sorakudy,Surakudi B.O,609607,Thirunallar Commune Panchayat,KARAIKAL,PONDICHERRY
Sorakudy,Tirunallar S.O,609607,Thirunallar Commune Panchayat,KARAIKAL,PONDICHERRY
Thennankudy,Sellur B.O,609607,Thirunallar Commune Panchayat,KARAIKAL,PONDICHERRY
Thevamapuram,Karukkangudi B.O,609607,Thirunallar Commune Panchayat,KARAIKAL,PONDICHERRY
agakinkannu,Vizhithiyur B.O,609607,Neravy Commune Panchayat,KARAIKAL,PONDICHERRY
avvaiyarmoolai,Karukkangudi B.O,609607,Thirunallar Commune Panchayat,KARAIKAL,PONDICHERRY
muppai thangudy,Sellur B.O,609607,Thirunallar Commune Panchayat,KARAIKAL,PONDICHERRY
neivacherry,Tirunallar S.O,609607,Thirunallar Commune Panchayat,KARAIKAL,PONDICHERRY
Sellur,Sellur B.O,609607,Thirunallar Commune Panchayat,KARAIKAL,PONDICHERRY
Kalikuppam tsunami nagar,Tiruvettakudi B.O,609609,Kottucherry Commune Panchayat,KARAIKAL,PONDICHERRY
melakottuchery,Kottuchery S.O,609609,Kottucherry Commune Panchayat,KARAIKAL,PONDICHERRY
Thondamangalam,Kottuchery S.O,609609,Kottucherry Commune Panchayat,KARAIKAL,PONDICHERRY
R.V.S college,Tiruvettakudi B.O,609609,Kottucherry Commune Panchayat,KARAIKAL,PONDICHERRY
Kazukumedu,Varichikudi B.O,609609,Kottucherry Commune Panchayat,KARAIKAL,PONDICHERRY
Pulianthoppu,Varichikudi B.O,609609,Kottucherry Commune Panchayat,KARAIKAL,PONDICHERRY
Rayanpalayam,Varichikudi B.O,609609,Kottucherry Commune Panchayat,KARAIKAL,PONDICHERRY
Kottucherry,Kottuchery S.O,609609,Kottucherry Commune Panchayat,KARAIKAL,PONDICHERRY
Mandapathur,Tiruvettakudi B.O,609609,Kottucherry Commune Panchayat,KARAIKAL,PONDICHERRY
Mandapathur tsunami nagar,Tiruvettakudi B.O,609609,Kottucherry Commune Panchayat,KARAIKAL,PONDICHERRY
puthakudy,Kottuchery S.O,609609,Kottucherry Commune Panchayat,KARAIKAL,PONDICHERRY
Akkampet tsunami nagar,Tiruvettakudi B.O,609609,Kottucherry Commune Panchayat,KARAIKAL,PONDICHERRY
Arthinagar,Tiruvettakudi B.O,609609,Kottucherry Commune Panchayat,KARAIKAL,PONDICHERRY
Kalikuppam,Tiruvettakudi B.O,609609,Kottucherry Commune Panchayat,KARAIKAL,PONDICHERRY
kottucherrymedu,Kottuchery S.O,609609,Kottucherry Commune Panchayat,KARAIKAL,PONDICHERRY
Poovam,Varichikudi B.O,609609,Kottucherry Commune Panchayat,KARAIKAL,PONDICHERRY
Puthakudy,Kottuchery S.O,609609,Nedungadu Commune Panchayat,KARAIKAL,PONDICHERRY
Koozukuditha agragaram,Varichikudi B.O,609609,Kottucherry Commune Panchayat,KARAIKAL,PONDICHERRY
Kottucherry Commune Panchayat,Kottuchery S.O,609609,Kottucherry Commune Panchayat,KARAIKAL,PONDICHERRY
Thiruvettakudy,Tiruvettakudi B.O,609609,Kottucherry Commune Panchayat,KARAIKAL,PONDICHERRY
Kuppuchetty chavady,Varichikudi B.O,609609,Kottucherry Commune Panchayat,KARAIKAL,PONDICHERRY
vadamattam,Kottuchery S.O,609609,Kottucherry Commune Panchayat,KARAIKAL,PONDICHERRY
Varichikudy (North),Varichikudi B.O,609609,Kottucherry Commune Panchayat,KARAIKAL,PONDICHERRY
Varichikudy (South),Varichikudi B.O,609609,Kottucherry Commune Panchayat,KARAIKAL,PONDICHERRY
Akkampet,Tiruvettakudi B.O,609609,Kottucherry Commune Panchayat,KARAIKAL,PONDICHERRY
Bharathiyar college,Tiruvettakudi B.O,609609,Kottucherry Commune Panchayat,KARAIKAL,PONDICHERRY
keezhakasakudy medu,Kottuchery S.O,609609,Kottucherry Commune Panchayat,KARAIKAL,PONDICHERRY
Konnakavali,Varichikudi B.O,609609,Kottucherry Commune Panchayat,KARAIKAL,PONDICHERRY
Vengateswara DTED college,Tiruvettakudi B.O,609609,Kottucherry Commune Panchayat,KARAIKAL,PONDICHERRY
