Upper Burtuk,Gangtok H.O,737101,Gangtok,EAST SIKKIM,SIKKIM
Burtuk,Gangtok Bazar S.O,737101,Gangtok,EAST SIKKIM,SIKKIM
Sicheygaon,Sichey Gaon S.O,737101,Gangtok,EAST SIKKIM,SIKKIM
Gangtok Private Estate,Gangtok H.O,737101,Gangtok,EAST SIKKIM,SIKKIM
Gangtok,Gangtok H.O,737101,Gangtok,EAST SIKKIM,SIKKIM
Upper Sicheygaon,Sichey Gaon S.O,737101,Gangtok,EAST SIKKIM,SIKKIM
Gangtok Forest Block,Gangtok H.O,737101,Gangtok,EAST SIKKIM,SIKKIM
Gangtok Private Estate (Arithang),Gangtok H.O,737101,Gangtok,EAST SIKKIM,SIKKIM
Barbing,Dhajey B.O,737102,Gangtok,EAST SIKKIM,SIKKIM
Naitam,Pabyiok B.O,737102,Gangtok,EAST SIKKIM,SIKKIM
Gnathang,Gnathang B.O,737102,Gangtok,EAST SIKKIM,SIKKIM
Lingdum,Lingdum B.O,737102,Gangtok,EAST SIKKIM,SIKKIM
Samdur,Tadong S.O,737102,Gangtok,EAST SIKKIM,SIKKIM
Kyongnosla Forest Block,Kyanglasha B.O,737102,Gangtok,EAST SIKKIM,SIKKIM
Tadong,Tadong S.O,737102,Gangtok,EAST SIKKIM,SIKKIM
Nandok,Pabyiok B.O,737102,Gangtok,EAST SIKKIM,SIKKIM
Rongli Forest Block,Kupup B.O,737102,Rongli,EAST SIKKIM,SIKKIM
Rongli Forest Block,Sherathang B.O,737102,Rongli,EAST SIKKIM,SIKKIM
Ranka,Dhajey B.O,737102,Gangtok,EAST SIKKIM,SIKKIM
Rongli Forest Block,Kyanglasha B.O,737102,Rongli,EAST SIKKIM,SIKKIM
Samdur,Samdur B.O,737102,Gangtok,EAST SIKKIM,SIKKIM
Lingdong,Lingdum B.O,737102,Ravong,SOUTH SIKKIM,SIKKIM
Parbing,Dhajey B.O,737102,Gangtok,EAST SIKKIM,SIKKIM
Lingdok,Lingdok B.O,737103,Gangtok,EAST SIKKIM,SIKKIM
Rongyek,Rajbhawan S.O (East Sikkim),737103,Gangtok,EAST SIKKIM,SIKKIM
Sicheygaon,Bojoghari B.O,737103,Gangtok,EAST SIKKIM,SIKKIM
Luing,Luing B.O,737103,Gangtok,EAST SIKKIM,SIKKIM
Pam,Penlong B.O,737103,Gangtok,EAST SIKKIM,SIKKIM
Penlong,Penlong B.O,737103,Gangtok,EAST SIKKIM,SIKKIM
Upper Chandmari,Rajbhawan S.O (East Sikkim),737103,Gangtok,EAST SIKKIM,SIKKIM
Upper Tathangchen,Rajbhawan S.O (East Sikkim),737103,Gangtok,EAST SIKKIM,SIKKIM
Chandmari,Rajbhawan S.O (East Sikkim),737103,Gangtok,EAST SIKKIM,SIKKIM
Nampong,Lingdok B.O,737103,Gangtok,EAST SIKKIM,SIKKIM
Navey,Penlong B.O,737103,Gangtok,EAST SIKKIM,SIKKIM
Pangthang Forest Block,Penlong B.O,737103,Gangtok,EAST SIKKIM,SIKKIM
Bhusuk,Bhusuk B.O,737103,Gangtok,EAST SIKKIM,SIKKIM
Tathangchen,Rajbhawan S.O (East Sikkim),737103,Gangtok,EAST SIKKIM,SIKKIM
Shotak,Penlong B.O,737103,Gangtok,EAST SIKKIM,SIKKIM
Changey Senti (Tsaney),Changayshanti B.O,737106,Pakyong,EAST SIKKIM,SIKKIM
Linkey,Linkey B.O,737106,Pakyong,EAST SIKKIM,SIKKIM
Pacheykhani (Losing),Pacheykhani B.O,737106,Pakyong,EAST SIKKIM,SIKKIM
Pakyong Forest Block,Pakyong S.O,737106,Pakyong,EAST SIKKIM,SIKKIM
Pacheykhani (Dikling),Karthok B.O,737106,Pakyong,EAST SIKKIM,SIKKIM
Tshalumthang,Tshalamthang B.O,737106,Namchi,SOUTH SIKKIM,SIKKIM
Chhota Singtam,Namcheybong B.O,737106,Pakyong,EAST SIKKIM,SIKKIM
Dikling,Pakyong S.O,737106,Pakyong,EAST SIKKIM,SIKKIM
Pachey,Namcheybong B.O,737106,Pakyong,EAST SIKKIM,SIKKIM
Yangtam,Changayshanti B.O,737106,Pakyong,EAST SIKKIM,SIKKIM
Machong,Linkey B.O,737106,Pakyong,EAST SIKKIM,SIKKIM
Pachak,Pacheykhani B.O,737106,Pakyong,EAST SIKKIM,SIKKIM
Tshalumthang,Pacheykhani B.O,737106,Pakyong,EAST SIKKIM,SIKKIM
Namchey-Bung,Namcheybong B.O,737106,Pakyong,EAST SIKKIM,SIKKIM
Riwa,Linkey B.O,737106,Pakyong,EAST SIKKIM,SIKKIM
Thekabung,Linkey B.O,737106,Pakyong,EAST SIKKIM,SIKKIM
Biring,Bering B.O,737106,Pakyong,EAST SIKKIM,SIKKIM
Kamarey Bhasmey,Pacheykhani B.O,737106,Pakyong,EAST SIKKIM,SIKKIM
Kartok,Karthok B.O,737106,Pakyong,EAST SIKKIM,SIKKIM
Losing,Pacheykhani B.O,737106,Pakyong,EAST SIKKIM,SIKKIM
Pakyong,Pakyong S.O,737106,Pakyong,EAST SIKKIM,SIKKIM
Tarethang,Bering B.O,737106,Pakyong,EAST SIKKIM,SIKKIM
Gor,Gor B.O,737107,Mangan,NORTH SIKKIM,SIKKIM
Namok,Dikchu S.O,737107,Gangtok,EAST SIKKIM,SIKKIM
Samdong,Samdong B.O,737107,Gangtok,EAST SIKKIM,SIKKIM
Kambal,Samdong B.O,737107,Gangtok,EAST SIKKIM,SIKKIM
Lum,Lumlingthyang B.O,737107,Mangan,NORTH SIKKIM,SIKKIM
Rakdong,Rakdong B.O,737107,Gangtok,EAST SIKKIM,SIKKIM
Sangtok,Gor B.O,737107,Mangan,NORTH SIKKIM,SIKKIM
Mangan,Dikchu S.O,737107,Mangan,NORTH SIKKIM,SIKKIM
Namlung,Raley Khesey B.O,737107,Ravong,SOUTH SIKKIM,SIKKIM
Raley-Khese,Raley Khesey B.O,737107,Gangtok,EAST SIKKIM,SIKKIM
Tintek,Rakdong B.O,737107,Gangtok,EAST SIKKIM,SIKKIM
Rapdang,Dikchu S.O,737107,Gangtok,EAST SIKKIM,SIKKIM
Arithang,Arithang B.O,737111,Gyalshing,WEST SIKKIM,SIKKIM
Gayten,Lingchom B.O,737111,Gyalshing,WEST SIKKIM,SIKKIM
Jeel,Rinchenpong B.O,737111,Soreng,WEST SIKKIM,SIKKIM
Kongri,Karjee B.O,737111,Gyalshing,WEST SIKKIM,SIKKIM
Labing,Gerathang B.O,737111,Gyalshing,WEST SIKKIM,SIKKIM
Mangnam,Karjee B.O,737111,Gyalshing,WEST SIKKIM,SIKKIM
Bhaluthang,Bhaluthang B.O,737111,Gyalshing,WEST SIKKIM,SIKKIM
Gyalshing Forest Block,Sinek B.O,737111,Gyalshing,WEST SIKKIM,SIKKIM
Rinchenpong,Rinchenpong B.O,737111,Soreng,WEST SIKKIM,SIKKIM
Sapong,Lingchom B.O,737111,Gyalshing,WEST SIKKIM,SIKKIM
Umchung,Gayzing S.O,737111,Gyalshing,WEST SIKKIM,SIKKIM
Gyalshing,Gayzing S.O,737111,Gyalshing,WEST SIKKIM,SIKKIM
Lingchom,Lingchom B.O,737111,Gyalshing,WEST SIKKIM,SIKKIM
Tashiding,Tashiding B.O,737111,Gyalshing,WEST SIKKIM,SIKKIM
Gangyep,Arithang B.O,737111,Gyalshing,WEST SIKKIM,SIKKIM
Hathidunga,Rinchenpong B.O,737111,Soreng,WEST SIKKIM,SIKKIM
Lungzik,Lingchom B.O,737111,Gyalshing,WEST SIKKIM,SIKKIM
Yangten,Yangtey B.O,737111,Gyalshing,WEST SIKKIM,SIKKIM
Narkhola,Karjee B.O,737111,Gyalshing,WEST SIKKIM,SIKKIM
Tashiding Forest Block,Sinek B.O,737111,Gyalshing,WEST SIKKIM,SIKKIM
Unglok,Bhaluthang B.O,737111,Gyalshing,WEST SIKKIM,SIKKIM
Yangten,Yangthang B.O,737111,Gyalshing,WEST SIKKIM,SIKKIM
Chingthang,Chingthang B.O,737111,Gyalshing,WEST SIKKIM,SIKKIM
Chongrang,Arithang B.O,737111,Gyalshing,WEST SIKKIM,SIKKIM
Gyalshing Forest Block,Karjee B.O,737111,Gyalshing,WEST SIKKIM,SIKKIM
Hingdam,Rangship B.O,737111,Ravong,SOUTH SIKKIM,SIKKIM
Likship,Legship B.O,737111,Ravong,SOUTH SIKKIM,SIKKIM
Sangadorji,Rinchenpong B.O,737111,Soreng,WEST SIKKIM,SIKKIM
Tikjya,Yangthang B.O,737111,Gyalshing,WEST SIKKIM,SIKKIM
Barphok,Rinchenpong B.O,737111,Gyalshing,WEST SIKKIM,SIKKIM
Gyalshing,Rangship B.O,737111,Gyalshing,WEST SIKKIM,SIKKIM
Gyalshing Forest Block,Gayzing S.O,737111,Gyalshing,WEST SIKKIM,SIKKIM
Labdang,Karjee B.O,737111,Gyalshing,WEST SIKKIM,SIKKIM
Miyong,Chingthang B.O,737111,Gyalshing,WEST SIKKIM,SIKKIM
Yangthang,Yangthang B.O,737111,Gyalshing,WEST SIKKIM,SIKKIM
Chongpung,Arithang B.O,737111,Gyalshing,WEST SIKKIM,SIKKIM
Gerethang,Gerathang B.O,737111,Gyalshing,WEST SIKKIM,SIKKIM
Kyonsda,Gayzing S.O,737111,Gyalshing,WEST SIKKIM,SIKKIM
Bum,Mechi Aching B.O,737113,Soreng,WEST SIKKIM,SIKKIM
Chuchen,Rimbi B.O,737113,Soreng,WEST SIKKIM,SIKKIM
Gyalshing Forest Block,Bermiok B.O,737113,Gyalshing,WEST SIKKIM,SIKKIM
Gyalshing Forest Block,Rimbi B.O,737113,Gyalshing,WEST SIKKIM,SIKKIM
Pecherek,Hee Gaon B.O,737113,Gyalshing,WEST SIKKIM,SIKKIM
Sardong,Kaluk B.O,737113,Gyalshing,WEST SIKKIM,SIKKIM
Singrangpung,Darap B.O,737113,Gyalshing,WEST SIKKIM,SIKKIM
Sopakha,Uttarey B.O,737113,Gyalshing,WEST SIKKIM,SIKKIM
Tingbrum,Rimbi B.O,737113,Gyalshing,WEST SIKKIM,SIKKIM
Dentam,Dentam B.O,737113,Gyalshing,WEST SIKKIM,SIKKIM
Laso,Thingling B.O,737113,Gyalshing,WEST SIKKIM,SIKKIM
Mangmo,Dentam B.O,737113,Gyalshing,WEST SIKKIM,SIKKIM
Pemayangtse Monastery,Pelling S.O,737113,Gyalshing,WEST SIKKIM,SIKKIM
Singyang,Pelling S.O,737113,Gyalshing,WEST SIKKIM,SIKKIM
Tadong,Kaluk B.O,737113,Soreng,WEST SIKKIM,SIKKIM
Martam,Bermiok B.O,737113,Gyalshing,WEST SIKKIM,SIKKIM
Sangkhu,Dentam B.O,737113,Gyalshing,WEST SIKKIM,SIKKIM
Singlitam,Namphu B.O,737113,Gyalshing,WEST SIKKIM,SIKKIM
Barthang,Bermiok B.O,737113,Gyalshing,WEST SIKKIM,SIKKIM
Begha,Dentam B.O,737113,Gyalshing,WEST SIKKIM,SIKKIM
Chota Samdong (Sumdong),Kaluk B.O,737113,Soreng,WEST SIKKIM,SIKKIM
Darap,Darap B.O,737113,Gyalshing,WEST SIKKIM,SIKKIM
Karmatar,Karmatar B.O,737113,Gyalshing,WEST SIKKIM,SIKKIM
Nambu,Namphu B.O,737113,Gyalshing,WEST SIKKIM,SIKKIM
Bangten,Karmatar B.O,737113,Gyalshing,WEST SIKKIM,SIKKIM
Bara-Samdong,Kaluk B.O,737113,Soreng,WEST SIKKIM,SIKKIM
Dentam Forest Block,Dentam B.O,737113,Gyalshing,WEST SIKKIM,SIKKIM
Dubdi,Yuksom B.O,737113,Gyalshing,WEST SIKKIM,SIKKIM
Gyalshing,Pelling S.O,737113,Gyalshing,WEST SIKKIM,SIKKIM
Gyalshing Forest Block,Kaluk B.O,737113,Gyalshing,WEST SIKKIM,SIKKIM
Lingzo,Thingling B.O,737113,Ravong,SOUTH SIKKIM,SIKKIM
Tokal,Bermiok B.O,737113,Namchi,SOUTH SIKKIM,SIKKIM
Tsozo,Khechuperi B.O,737113,Gyalshing,WEST SIKKIM,SIKKIM
Yuksam Forest Block,Yuksom B.O,737113,Gyalshing,WEST SIKKIM,SIKKIM
Dhupidara,Mechi Aching B.O,737113,Gyalshing,WEST SIKKIM,SIKKIM
Doring,Bermiok B.O,737113,Namchi,SOUTH SIKKIM,SIKKIM
Gyalshing Forest Block,Uttarey B.O,737113,Gyalshing,WEST SIKKIM,SIKKIM
Hee,Hee Gaon B.O,737113,Gyalshing,WEST SIKKIM,SIKKIM
Naku,Pelling S.O,737113,Gyalshing,WEST SIKKIM,SIKKIM
Thingle I,Thingling B.O,737113,Gyalshing,WEST SIKKIM,SIKKIM
Tshalumthang,Bermiok B.O,737113,Gangtok,EAST SIKKIM,SIKKIM
Yuksam,Yuksom B.O,737113,Gyalshing,WEST SIKKIM,SIKKIM
Hee-Patal,Hee Gaon B.O,737113,Gyalshing,WEST SIKKIM,SIKKIM
Khachodpalri,Khechuperi B.O,737113,Gyalshing,WEST SIKKIM,SIKKIM
Liching,Karmatar B.O,737113,Gyalshing,WEST SIKKIM,SIKKIM
Melliaching,Mechi Aching B.O,737113,Gyalshing,WEST SIKKIM,SIKKIM
Mengyong,Dentam B.O,737113,Gyalshing,WEST SIKKIM,SIKKIM
Radu-Khandu,Radhu Khandu B.O,737113,Gyalshing,WEST SIKKIM,SIKKIM
Deythang,Uttarey B.O,737113,Soreng,WEST SIKKIM,SIKKIM
Maneybung,Yuksom B.O,737113,Gyalshing,WEST SIKKIM,SIKKIM
Meli,Mechi Aching B.O,737113,Gyalshing,WEST SIKKIM,SIKKIM
Pajer,Bermiok B.O,737113,Namchi,SOUTH SIKKIM,SIKKIM
Sindrang,Darap B.O,737113,Gyalshing,WEST SIKKIM,SIKKIM
Srinagi,Dentam B.O,737113,Gyalshing,WEST SIKKIM,SIKKIM
Thingle II,Thingling B.O,737113,Gyalshing,WEST SIKKIM,SIKKIM
Topung,Rimbi B.O,737113,Gyalshing,WEST SIKKIM,SIKKIM
Chawang,Phamtam B.O,737116,Mangan,NORTH SIKKIM,SIKKIM
Gnon-Samdong,Lower Dzongu B.O,737116,Mangan,NORTH SIKKIM,SIKKIM
Nampatam,Rangrang B.O,737116,Mangan,NORTH SIKKIM,SIKKIM
Pakshep,Mangan S.O,737116,Mangan,NORTH SIKKIM,SIKKIM
Rongong,Men Rong Rong B.O,737116,Mangan,NORTH SIKKIM,SIKKIM
Sakyong-Pentong,Lingthem B.O,737116,Mangan,NORTH SIKKIM,SIKKIM
Sheyam,Namok B.O,737116,Mangan,NORTH SIKKIM,SIKKIM
Upper Dzongu Forest Block,Tingvong B.O,737116,Mangan,NORTH SIKKIM,SIKKIM
L. Mangshila,Manul B.O,737116,Mangan,NORTH SIKKIM,SIKKIM
Mangan,Mangan S.O,737116,Mangan,NORTH SIKKIM,SIKKIM
Mangan Forest Block,Mangan S.O,737116,Mangan,NORTH SIKKIM,SIKKIM
Phamtam,Phamtam B.O,737116,Mangan,NORTH SIKKIM,SIKKIM
Singhik,Singhik B.O,737116,Mangan,NORTH SIKKIM,SIKKIM
Men-Rongong,Men Rong Rong B.O,737116,Mangan,NORTH SIKKIM,SIKKIM
Meyong,Manul B.O,737116,Mangan,NORTH SIKKIM,SIKKIM
Singchit,Manul B.O,737116,Mangan,NORTH SIKKIM,SIKKIM
Zimchung,Mangan S.O,737116,Mangan,NORTH SIKKIM,SIKKIM
Lingdong,Sangkalan B.O,737116,Mangan,NORTH SIKKIM,SIKKIM
Sentam,Singhik B.O,737116,Mangan,NORTH SIKKIM,SIKKIM
Tingbong,Tingvong B.O,737116,Mangan,NORTH SIKKIM,SIKKIM
U. Mangshila,Tingchim B.O,737116,Mangan,NORTH SIKKIM,SIKKIM
Hee-Gyathang,Lower Dzongu B.O,737116,Mangan,NORTH SIKKIM,SIKKIM
L. Mangshila,Tingchim B.O,737116,Mangan,NORTH SIKKIM,SIKKIM
Labi,Namok B.O,737116,Mangan,NORTH SIKKIM,SIKKIM
Lingdem,Lingthem B.O,737116,Mangan,NORTH SIKKIM,SIKKIM
Mangan Forest Block,Sangkalan B.O,737116,Mangan,NORTH SIKKIM,SIKKIM
Namok,Namok B.O,737116,Mangan,NORTH SIKKIM,SIKKIM
Ramthang,Ramthang B.O,737116,Mangan,NORTH SIKKIM,SIKKIM
Barfok,Sangkalan B.O,737116,Mangan,NORTH SIKKIM,SIKKIM
Kazor,Mangan S.O,737116,Mangan,NORTH SIKKIM,SIKKIM
Mangan Forest Block,Rangrang B.O,737116,Mangan,NORTH SIKKIM,SIKKIM
Ringhim,Mangan S.O,737116,Mangan,NORTH SIKKIM,SIKKIM
Tangyek,Lower Dzongu B.O,737116,Mangan,NORTH SIKKIM,SIKKIM
Tingchim,Tingchim B.O,737116,Mangan,NORTH SIKKIM,SIKKIM
Lingthem,Lingdem B.O,737116,Mangan,NORTH SIKKIM,SIKKIM
Lingzah-Tolung,Tingvong B.O,737116,Mangan,NORTH SIKKIM,SIKKIM
Salim Pakel,Singhik B.O,737116,Mangan,NORTH SIKKIM,SIKKIM
Kabi Forest Block,Kabi S.O,737117,Mangan,NORTH SIKKIM,SIKKIM
Kabi,Kabi S.O,737117,Mangan,NORTH SIKKIM,SIKKIM
Tingda,Kabi S.O,737117,Mangan,NORTH SIKKIM,SIKKIM
Paney-Phensong,Phensong S.O,737118,Mangan,NORTH SIKKIM,SIKKIM
Tumlong,Phudong S.O,737119,Mangan,NORTH SIKKIM,SIKKIM
Phodong,Phudong S.O,737119,Mangan,NORTH SIKKIM,SIKKIM
Phodong Forest Block,Phudong S.O,737119,Mangan,NORTH SIKKIM,SIKKIM
Chungthang,Chungthang S.O,737120,Chungthang,NORTH SIKKIM,SIKKIM
Lachen,Lachen B.O,737120,Chungthang,NORTH SIKKIM,SIKKIM
Tung,Shipgyare B.O,737120,Chungthang,NORTH SIKKIM,SIKKIM
Chungthang Forest Block,Chungthang S.O,737120,Chungthang,NORTH SIKKIM,SIKKIM
Naga-Namgor,Naga B.O,737120,Mangan,NORTH SIKKIM,SIKKIM
Lachung,Lachung B.O,737120,Chungthang,NORTH SIKKIM,SIKKIM
Shipgyer,Shipgyare B.O,737120,Chungthang,NORTH SIKKIM,SIKKIM
Naga Forest Block,Naga B.O,737120,Mangan,NORTH SIKKIM,SIKKIM
Lachung Forest Block,Lachung B.O,737120,Chungthang,NORTH SIKKIM,SIKKIM
Lachen Forest Block,Lachen B.O,737120,Chungthang,NORTH SIKKIM,SIKKIM
Dhalam(Daramden),Sanchabarey Daramdim B.O,737121,Soreng,WEST SIKKIM,SIKKIM
Karthok,Tharpu B.O,737121,Soreng,WEST SIKKIM,SIKKIM
Parrengaon,Takuthang B.O,737121,Soreng,WEST SIKKIM,SIKKIM
Ribdi,Okharey B.O,737121,Soreng,WEST SIKKIM,SIKKIM
Rishi,Reshi B.O,737121,Soreng,WEST SIKKIM,SIKKIM
Longchok,Sanchabarey Daramdim B.O,737121,Soreng,WEST SIKKIM,SIKKIM
Lower Fambong,Sombaria B.O,737121,Soreng,WEST SIKKIM,SIKKIM
Majhitar Forest Block,Majitar B.O,737121,Namchi,SOUTH SIKKIM,SIKKIM
Rabong,Sombaria B.O,737121,Ravong,SOUTH SIKKIM,SIKKIM
Bhareng,Okharey B.O,737121,Soreng,WEST SIKKIM,SIKKIM
Mabong,Takuthang B.O,737121,Soreng,WEST SIKKIM,SIKKIM
Mendo-Gaon,Chakung B.O,737121,Soreng,WEST SIKKIM,SIKKIM
Siktam,Tikpur B.O,737121,Soreng,WEST SIKKIM,SIKKIM
Soreng Forest Block,Soreng B.O,737121,Soreng,WEST SIKKIM,SIKKIM
Tharpu,Tharpu B.O,737121,Soreng,WEST SIKKIM,SIKKIM
Tinzerbong,Timburbong B.O,737121,Soreng,WEST SIKKIM,SIKKIM
Donok,Buriakhop B.O,737121,Namchi,SOUTH SIKKIM,SIKKIM
Geling,Chakung B.O,737121,Soreng,WEST SIKKIM,SIKKIM
Gyalshing Forest Block,Ribdi-bhareng B.O,737121,Gyalshing,WEST SIKKIM,SIKKIM
Namchi,Budang B.O,737121,Namchi,SOUTH SIKKIM,SIKKIM
Saleumbong,Sombaria B.O,737121,Namchi,SOUTH SIKKIM,SIKKIM
Samsing,Zoom B.O,737121,Soreng,WEST SIKKIM,SIKKIM
Kamling,Reshi B.O,737121,Soreng,WEST SIKKIM,SIKKIM
Khanisherbung,Arubotay B.O,737121,Soreng,WEST SIKKIM,SIKKIM
Salyangdang,Sombaria B.O,737121,Soreng,WEST SIKKIM,SIKKIM
Singling,Soreng B.O,737121,Soreng,WEST SIKKIM,SIKKIM
Suldung,Suldung B.O,737121,Soreng,WEST SIKKIM,SIKKIM
Upper Fambong,Sombaria B.O,737121,Soreng,WEST SIKKIM,SIKKIM
Nayabazar Forest Block,Naya Bazar S.O (West Sikkim),737121,Soreng,WEST SIKKIM,SIKKIM
Sanghanath,Sanganath B.O,737121,Ravong,SOUTH SIKKIM,SIKKIM
Soreng,Soreng B.O,737121,Soreng,WEST SIKKIM,SIKKIM
Soreng Forest Block,Pipalay B.O,737121,Soreng,WEST SIKKIM,SIKKIM
Burikhop(Dodok),Buriakhop B.O,737121,Soreng,WEST SIKKIM,SIKKIM
Burikhop(Rumbuk),Buriakhop B.O,737121,Soreng,WEST SIKKIM,SIKKIM
Chakung,Chakung B.O,737121,Soreng,WEST SIKKIM,SIKKIM
Hilley Forest Block,Okharey B.O,737121,Soreng,WEST SIKKIM,SIKKIM
Okhrey,Okharey B.O,737121,Soreng,WEST SIKKIM,SIKKIM
Segeng,Reshi B.O,737121,Soreng,WEST SIKKIM,SIKKIM
Sribadam,Sri Badam B.O,737121,Soreng,WEST SIKKIM,SIKKIM
Takuthang,Takuthang B.O,737121,Soreng,WEST SIKKIM,SIKKIM
Tikpur,Tikpur B.O,737121,Soreng,WEST SIKKIM,SIKKIM
Timberbong,Timburbong B.O,737121,Soreng,WEST SIKKIM,SIKKIM
Aroobotey,Arubotay B.O,737121,Soreng,WEST SIKKIM,SIKKIM
Chumbong,Chumbong B.O,737121,Soreng,WEST SIKKIM,SIKKIM
Malbasey,Malbasey B.O,737121,Soreng,WEST SIKKIM,SIKKIM
Rumbuk,Sombaria B.O,737121,Soreng,WEST SIKKIM,SIKKIM
Sombaria Forest Block,Sombaria B.O,737121,Soreng,WEST SIKKIM,SIKKIM
Sripatam,Sri Badam B.O,737121,Ravong,SOUTH SIKKIM,SIKKIM
Suntaley,Arubotay B.O,737121,Soreng,WEST SIKKIM,SIKKIM
Zoom,Zoom B.O,737121,Soreng,WEST SIKKIM,SIKKIM
Bakkhim,Maniram B.O,737126,Ravong,SOUTH SIKKIM,SIKKIM
Chumlok,Wok B.O,737126,Namchi,SOUTH SIKKIM,SIKKIM
Maniram,Maniram B.O,737126,Namchi,SOUTH SIKKIM,SIKKIM
Phong,Perbing B.O,737126,Namchi,SOUTH SIKKIM,SIKKIM
Burul,Namchi S.O,737126,Namchi,SOUTH SIKKIM,SIKKIM
Damthang,Damthang B.O,737126,Namchi,SOUTH SIKKIM,SIKKIM
Gom,Kitam B.O,737126,Namchi,SOUTH SIKKIM,SIKKIM
Kopchey,Namchi S.O,737126,Namchi,SOUTH SIKKIM,SIKKIM
Pabong(Mamley),Wok B.O,737126,Namchi,SOUTH SIKKIM,SIKKIM
Rong,Pabong B.O,737126,Namchi,SOUTH SIKKIM,SIKKIM
Salghari,Shalghari B.O,737126,Namchi,SOUTH SIKKIM,SIKKIM
Sangbung,Assangthang B.O,737126,Namchi,SOUTH SIKKIM,SIKKIM
Sorok,Sorok B.O,737126,Namchi,SOUTH SIKKIM,SIKKIM
Suntaley (Sadam),Nandugaon B.O,737126,Namchi,SOUTH SIKKIM,SIKKIM
Tinik,Maniram B.O,737126,Namchi,SOUTH SIKKIM,SIKKIM
Bikmat,Maniram B.O,737126,Namchi,SOUTH SIKKIM,SIKKIM
Deu,Damthang B.O,737126,Ravong,SOUTH SIKKIM,SIKKIM
Gumpa-Ghurpisey,Namchi S.O,737126,Namchi,SOUTH SIKKIM,SIKKIM
Nijarmeng,Perbing B.O,737126,Namchi,SOUTH SIKKIM,SIKKIM
Pabong (Gangchung),Pabong B.O,737126,Namchi,SOUTH SIKKIM,SIKKIM
Phalidara,Phalidara B.O,737126,Namchi,SOUTH SIKKIM,SIKKIM
Poklok (Polok),Poklok B.O,737126,Namchi,SOUTH SIKKIM,SIKKIM
Shyampani,Sorok B.O,737126,Namchi,SOUTH SIKKIM,SIKKIM
Singhithang,Singhithang B.O,737126,Namchi,SOUTH SIKKIM,SIKKIM
Wak,Wok B.O,737126,Namchi,SOUTH SIKKIM,SIKKIM
Assangthang,Assangthang B.O,737126,Namchi,SOUTH SIKKIM,SIKKIM
Bul,Maniram B.O,737126,Namchi,SOUTH SIKKIM,SIKKIM
Kitam,Kitam B.O,737126,Namchi,SOUTH SIKKIM,SIKKIM
Namchi Forest Block,Namchi S.O,737126,Namchi,SOUTH SIKKIM,SIKKIM
Namchi Forest Block,Perbing B.O,737126,Namchi,SOUTH SIKKIM,SIKKIM
Namchi Forest Block,Phalidara B.O,737126,Namchi,SOUTH SIKKIM,SIKKIM
Omchu,Wok B.O,737126,Namchi,SOUTH SIKKIM,SIKKIM
Tinzer,Namchi S.O,737126,Namchi,SOUTH SIKKIM,SIKKIM
Namchi,Namchi S.O,737126,Namchi,SOUTH SIKKIM,SIKKIM
Namchi Forest Block,Nandugaon B.O,737126,Namchi,SOUTH SIKKIM,SIKKIM
Namchi Forest Block,Rong B.O,737126,Namchi,SOUTH SIKKIM,SIKKIM
Rameng,Perbing B.O,737126,Namchi,SOUTH SIKKIM,SIKKIM
Chemchey,Damthang B.O,737126,Namchi,SOUTH SIKKIM,SIKKIM
Lingmo,Pabong B.O,737126,Ravong,SOUTH SIKKIM,SIKKIM
Lingmo Forest Block,Pabong B.O,737126,Ravong,SOUTH SIKKIM,SIKKIM
Maneydara,Maniram B.O,737126,Namchi,SOUTH SIKKIM,SIKKIM
Mikkhola,Mic Khola B.O,737126,Namchi,SOUTH SIKKIM,SIKKIM
Parbing,Perbing B.O,737126,Namchi,SOUTH SIKKIM,SIKKIM
Tingrithang,Pabong B.O,737126,Namchi,SOUTH SIKKIM,SIKKIM
Chisopani,Shalghari B.O,737126,Namchi,SOUTH SIKKIM,SIKKIM
Chuba,Perbing B.O,737126,Namchi,SOUTH SIKKIM,SIKKIM
Dorop,Shalghari B.O,737126,Namchi,SOUTH SIKKIM,SIKKIM
Jaubari,Damthang B.O,737126,Namchi,SOUTH SIKKIM,SIKKIM
Manpur,Mic Khola B.O,737126,Namchi,SOUTH SIKKIM,SIKKIM
Singtam,Rong B.O,737126,Namchi,SOUTH SIKKIM,SIKKIM
Bomtar,Namchi S.O,737126,Namchi,SOUTH SIKKIM,SIKKIM
Denchung,Namchi S.O,737126,Namchi,SOUTH SIKKIM,SIKKIM
Dhargaon,Shalghari B.O,737126,Namchi,SOUTH SIKKIM,SIKKIM
Tanak,Maniram B.O,737126,Namchi,SOUTH SIKKIM,SIKKIM
Rabitar,Sadam B.O,737128,Namchi,SOUTH SIKKIM,SIKKIM
Kerabari,Melli Bazar S.O,737128,Namchi,SOUTH SIKKIM,SIKKIM
Melli Forest Block,Kerabari B.O,737128,Namchi,SOUTH SIKKIM,SIKKIM
Namchi Forest Block,Manpur B.O,737128,Namchi,SOUTH SIKKIM,SIKKIM
Rateypani,Rateypani B.O,737128,Namchi,SOUTH SIKKIM,SIKKIM
Sumbuk,Sumbuk B.O,737128,Namchi,SOUTH SIKKIM,SIKKIM
Mellidara,Melli Dara B.O,737128,Namchi,SOUTH SIKKIM,SIKKIM
Panchgharey,Turuk B.O,737128,Namchi,SOUTH SIKKIM,SIKKIM
Sadam,Melli Bazar S.O,737128,Namchi,SOUTH SIKKIM,SIKKIM
Syari,Sadam B.O,737128,Gangtok,EAST SIKKIM,SIKKIM
Kamarey,Sumbuk B.O,737128,Namchi,SOUTH SIKKIM,SIKKIM
Kartickey,Sumbuk B.O,737128,Namchi,SOUTH SIKKIM,SIKKIM
Longchok,Lungchuk B.O,737128,Namchi,SOUTH SIKKIM,SIKKIM
Melli,Melli Bazar S.O,737128,Namchi,SOUTH SIKKIM,SIKKIM
Namchi Forest Block,Payiong B.O,737128,Namchi,SOUTH SIKKIM,SIKKIM
Passi,Rateypani B.O,737128,Namchi,SOUTH SIKKIM,SIKKIM
Rabikhola,Rateypani B.O,737128,Namchi,SOUTH SIKKIM,SIKKIM
Sumbuk,Melli Bazar S.O,737128,Namchi,SOUTH SIKKIM,SIKKIM
Turuk,Turuk B.O,737128,Namchi,SOUTH SIKKIM,SIKKIM
Paiyong (Kerabari),Payiong B.O,737128,Namchi,SOUTH SIKKIM,SIKKIM
Suntaley (Sumbuk),Melli Bazar S.O,737128,Namchi,SOUTH SIKKIM,SIKKIM
Melli Forest Block,Melli Dara B.O,737128,Namchi,SOUTH SIKKIM,SIKKIM
Sukrabarey,Sadam B.O,737128,Namchi,SOUTH SIKKIM,SIKKIM
Lamaten,Rolep B.O,737131,Rongli,EAST SIKKIM,SIKKIM
Chochenpheri,Latuk B.O,737131,Pakyong,EAST SIKKIM,SIKKIM
Rongli Forest Block,Rangli Bazar S.O,737131,Rongli,EAST SIKKIM,SIKKIM
Dholepchen,Dalapchand B.O,737131,Rongli,EAST SIKKIM,SIKKIM
Phadamchen,Phadamchen B.O,737131,Rongli,EAST SIKKIM,SIKKIM
Latuk,Latuk B.O,737131,Pakyong,EAST SIKKIM,SIKKIM
Satam,Rangli Bazar S.O,737131,Ravong,SOUTH SIKKIM,SIKKIM
North Rhegoh,North Regu B.O,737131,Rongli,EAST SIKKIM,SIKKIM
Premlakha,Phadamchen B.O,737131,Rongli,EAST SIKKIM,SIKKIM
Rolep,Rolep B.O,737131,Rongli,EAST SIKKIM,SIKKIM
South Rhegoh,South Regu B.O,737131,Rongli,EAST SIKKIM,SIKKIM
Subanedara,Lingtam B.O,737131,Rongli,EAST SIKKIM,SIKKIM
Changeylakha,Rangli Bazar S.O,737131,Rongli,EAST SIKKIM,SIKKIM
Chujachen,Chujachen B.O,737131,Rongli,EAST SIKKIM,SIKKIM
Rongli,Rangli Bazar S.O,737131,Rongli,EAST SIKKIM,SIKKIM
Singaneybas,Lingtam B.O,737131,Rongli,EAST SIKKIM,SIKKIM
Phadamchen Forest Block,Phadamchen B.O,737131,Rongli,EAST SIKKIM,SIKKIM
Lingtam,Lingtam B.O,737131,Rongli,EAST SIKKIM,SIKKIM
Parkha,Parkha B.O,737131,Pakyong,EAST SIKKIM,SIKKIM
Namchi Forest Block,Namthang B.O,737132,Namchi,SOUTH SIKKIM,SIKKIM
Kamrang,Rangpo S.O,737132,Namchi,SOUTH SIKKIM,SIKKIM
Paleytam,Namthang B.O,737132,Namchi,SOUTH SIKKIM,SIKKIM
Rangpo Forest Block,Rangpo S.O,737132,Gangtok,EAST SIKKIM,SIKKIM
Karek,Namthang B.O,737132,Namchi,SOUTH SIKKIM,SIKKIM
Mamring,Mamring B.O,737132,Namchi,SOUTH SIKKIM,SIKKIM
Rangpo Forest Block,Duga B.O,737132,Gangtok,EAST SIKKIM,SIKKIM
Turung,Turung B.O,737132,Namchi,SOUTH SIKKIM,SIKKIM
Mamley,Namthang B.O,737132,Namchi,SOUTH SIKKIM,SIKKIM
Kanamtek,Turung B.O,737132,Namchi,SOUTH SIKKIM,SIKKIM
Pamphok,Turung B.O,737132,Namchi,SOUTH SIKKIM,SIKKIM
Ramabong,Turung B.O,737132,Namchi,SOUTH SIKKIM,SIKKIM
Tangji,Namthang B.O,737132,Namchi,SOUTH SIKKIM,SIKKIM
Central Pendam,Upper Pendam B.O,737132,Gangtok,EAST SIKKIM,SIKKIM
Mamring Forest Block,Mamring B.O,737132,Namchi,SOUTH SIKKIM,SIKKIM
Nalam-Kolbong,Namthang B.O,737132,Namchi,SOUTH SIKKIM,SIKKIM
Palum,Turung B.O,737132,Namchi,SOUTH SIKKIM,SIKKIM
Rateypani,Maney Dara B.O,737132,Namchi,SOUTH SIKKIM,SIKKIM
Kateng-Bokrang,Kateng Bokrang B.O,737132,Namchi,SOUTH SIKKIM,SIKKIM
Nagi,Namthang B.O,737132,Namchi,SOUTH SIKKIM,SIKKIM
Rangpo Forest Block,East Pendam B.O,737132,Gangtok,EAST SIKKIM,SIKKIM
Amba,Amba B.O,737133,Pakyong,EAST SIKKIM,SIKKIM
Sudunglakha,Sudunglakha B.O,737133,Rongli,EAST SIKKIM,SIKKIM
Taza,Taza B.O,737133,Pakyong,EAST SIKKIM,SIKKIM
Rhenak,Rhenock S.O,737133,Rongli,EAST SIKKIM,SIKKIM
Aritar,Aritar B.O,737133,Rongli,EAST SIKKIM,SIKKIM
Mulukey,Sudunglakha B.O,737133,Rongli,EAST SIKKIM,SIKKIM
Tarpin,Rorathang B.O,737133,Rongli,EAST SIKKIM,SIKKIM
Pakyong Forest Block,Rorathang B.O,737133,Pakyong,EAST SIKKIM,SIKKIM
Rhenak Forest Block,Rhenock S.O,737133,Rongli,EAST SIKKIM,SIKKIM
Pakyong Forest Block,Upper Dalapchand B.O,737133,Pakyong,EAST SIKKIM,SIKKIM
Pakyong Forest Block,Shivalaya Mandir Lingsey B.O,737133,Pakyong,EAST SIKKIM,SIKKIM
Singtam Forest Block,Upper Khamdong B.O,737133,Gangtok,EAST SIKKIM,SIKKIM
Aritar (Dung-Dung),Lingzey B.O,737134,Gangtok,EAST SIKKIM,SIKKIM
Barnyak,Yangyang B.O,737134,Namchi,SOUTH SIKKIM,SIKKIM
Byang,Beyong B.O,737134,Gangtok,EAST SIKKIM,SIKKIM
Namgeythang,Beyong B.O,737134,Gangtok,EAST SIKKIM,SIKKIM
Namphing,Namphing B.O,737134,Namchi,SOUTH SIKKIM,SIKKIM
Patuk,Kokalay B.O,737134,Gangtok,EAST SIKKIM,SIKKIM
Rangang,Yangyang B.O,737134,Ravong,SOUTH SIKKIM,SIKKIM
Rashyap,Namphing B.O,737134,Namchi,SOUTH SIKKIM,SIKKIM
Sakyong,Song B.O,737134,Gangtok,EAST SIKKIM,SIKKIM
Singtam Forest Block,Bardang B.O,737134,Gangtok,EAST SIKKIM,SIKKIM
Sokpay,Lingee B.O,737134,Ravong,SOUTH SIKKIM,SIKKIM
Sumen,Sangkhola B.O,737134,Gangtok,EAST SIKKIM,SIKKIM
Tarku,Tarku B.O,737134,Namchi,SOUTH SIKKIM,SIKKIM
Tarku Forest Block,Temi Tarku B.O,737134,Namchi,SOUTH SIKKIM,SIKKIM
Temi,Temi Tarku B.O,737134,Namchi,SOUTH SIKKIM,SIKKIM
Tirkutam,Nazitam B.O,737134,Gangtok,EAST SIKKIM,SIKKIM
Ben,Namphing B.O,737134,Ravong,SOUTH SIKKIM,SIKKIM
Kau,Lingmoo B.O,737134,Ravong,SOUTH SIKKIM,SIKKIM
Lingzey (Simik),Lingzey B.O,737134,Gangtok,EAST SIKKIM,SIKKIM
Nazitam,Nazitam B.O,737134,Gangtok,EAST SIKKIM,SIKKIM
Sang Forest Block,Lingmoo B.O,737134,Gangtok,EAST SIKKIM,SIKKIM
Simik,Singtam S.O,737134,Gangtok,EAST SIKKIM,SIKKIM
Thangsing,Bermiok B.O,737134,Namchi,SOUTH SIKKIM,SIKKIM
Tokdey (Lingmo),Lingmoo B.O,737134,Ravong,SOUTH SIKKIM,SIKKIM
Khamdong,Khamdong B.O,737134,Gangtok,EAST SIKKIM,SIKKIM
Lower Paiyong,Lingee B.O,737134,Ravong,SOUTH SIKKIM,SIKKIM
Sang Forest Block,Sangkhola B.O,737134,Gangtok,EAST SIKKIM,SIKKIM
Sang Forest Block,Song B.O,737134,Gangtok,EAST SIKKIM,SIKKIM
Singtam Forest Block,Dipudara Nhpc Complex B.O,737134,Gangtok,EAST SIKKIM,SIKKIM
Singtam Forest Block,Gangkha Busty B.O,737134,Gangtok,EAST SIKKIM,SIKKIM
Tumen,Tumin B.O,737134,Gangtok,EAST SIKKIM,SIKKIM
Budang Thangsing,Khamdong B.O,737134,Gangtok,EAST SIKKIM,SIKKIM
Gangchung,Singtam S.O,737134,Namchi,SOUTH SIKKIM,SIKKIM
Mangzing,Lingmoo B.O,737134,Ravong,SOUTH SIKKIM,SIKKIM
Rabong,Lunsing B.O,737134,Ravong,SOUTH SIKKIM,SIKKIM
Sangtong,Singtam S.O,737134,Gangtok,EAST SIKKIM,SIKKIM
Sherwani,Beyong B.O,737134,Gangtok,EAST SIKKIM,SIKKIM
Temi Tea Estate,Temi Tarku B.O,737134,Namchi,SOUTH SIKKIM,SIKKIM
Barnyak Forest Block,Yangyang B.O,737134,Gyalshing,WEST SIKKIM,SIKKIM
Chisopani,Sumin B.O,737134,Gangtok,EAST SIKKIM,SIKKIM
Dalep,Namphing B.O,737134,Ravong,SOUTH SIKKIM,SIKKIM
Singtam Forest Block,Singtam S.O,737134,Gangtok,EAST SIKKIM,SIKKIM
Upper Paiyong,Lingee B.O,737134,Ravong,SOUTH SIKKIM,SIKKIM
Kabrey,Singtam S.O,737134,Namchi,SOUTH SIKKIM,SIKKIM
Lingzey (Sumen),Sumin B.O,737134,Gangtok,EAST SIKKIM,SIKKIM
Pepthang,Lingmoo B.O,737134,Ravong,SOUTH SIKKIM,SIKKIM
Phengyong,Lingee B.O,737134,Gangtok,EAST SIKKIM,SIKKIM
Sada,Bardang B.O,737134,Ravong,SOUTH SIKKIM,SIKKIM
Temi Forest Block,Temi Tarku B.O,737134,Namchi,SOUTH SIKKIM,SIKKIM
Tokdey (Resep),Lingmoo B.O,737134,Namchi,SOUTH SIKKIM,SIKKIM
West Pendam,West Pendam B.O,737134,Gangtok,EAST SIKKIM,SIKKIM
Aifaltar,Temi Tarku B.O,737134,Namchi,SOUTH SIKKIM,SIKKIM
Namphok,Sinchuthang B.O,737134,Ravong,SOUTH SIKKIM,SIKKIM
Neh-Brum,Neya B.O,737134,Ravong,SOUTH SIKKIM,SIKKIM
Singtam Forest Block,Sakhu Busty B.O,737134,Gangtok,EAST SIKKIM,SIKKIM
Yangyang,Yangyang B.O,737134,Ravong,SOUTH SIKKIM,SIKKIM
Barnyak,Yangyang B.O,737134,Gyalshing,WEST SIKKIM,SIKKIM
Chadey,Kokalay B.O,737134,Gangtok,EAST SIKKIM,SIKKIM
Dung-Dung,Khamdong B.O,737134,Gangtok,EAST SIKKIM,SIKKIM
Gagyong,Yangyang B.O,737134,Ravong,SOUTH SIKKIM,SIKKIM
Kolthang,Singtam S.O,737134,Ravong,SOUTH SIKKIM,SIKKIM
Lingi,Lingee B.O,737134,Ravong,SOUTH SIKKIM,SIKKIM
Singtam Forest Block,Bermiok B.O,737134,Gangtok,EAST SIKKIM,SIKKIM
Singtam Forest Block,Sinchuthang B.O,737134,Gangtok,EAST SIKKIM,SIKKIM
Tumen Forest Block,Tumin B.O,737134,Gangtok,EAST SIKKIM,SIKKIM
Aho,Ahoo Busty B.O,737135,Pakyong,EAST SIKKIM,SIKKIM
Sang Forest Block,Rumtek B.O,737135,Gangtok,EAST SIKKIM,SIKKIM
Chinze,Rautey-rumtek B.O,737135,Gangtok,EAST SIKKIM,SIKKIM
East Pendam,Nandok B.O,737135,Pakyong,EAST SIKKIM,SIKKIM
Mangthang,Middle Camp B.O,737135,Gangtok,EAST SIKKIM,SIKKIM
Rey,Ray-mindu B.O,737135,Gangtok,EAST SIKKIM,SIKKIM
Nandok,Nandok B.O,737135,Gangtok,EAST SIKKIM,SIKKIM
Ranipool Forest Block,Upper Martam B.O,737135,Gangtok,EAST SIKKIM,SIKKIM
Assam,Assam Lingzey B.O,737135,Gangtok,EAST SIKKIM,SIKKIM
Assam Lingzey Forest Block,Assam Lingzey B.O,737135,Pakyong,EAST SIKKIM,SIKKIM
Ranipool Forest Block,Ranipool S.O,737135,Gangtok,EAST SIKKIM,SIKKIM
Chuba,Middle Camp B.O,737135,Gangtok,EAST SIKKIM,SIKKIM
Namin,Ranipool S.O,737135,Gangtok,EAST SIKKIM,SIKKIM
Rumtek Forest Block,Rumtek B.O,737135,Gangtok,EAST SIKKIM,SIKKIM
Lingzey (Assam),Assam Lingzey B.O,737135,Gangtok,EAST SIKKIM,SIKKIM
Martam,Upper Martam B.O,737135,Gangtok,EAST SIKKIM,SIKKIM
Rawate-Rumtek,Rautey-rumtek B.O,737135,Gangtok,EAST SIKKIM,SIKKIM
Sajong,Rautey-rumtek B.O,737135,Gangtok,EAST SIKKIM,SIKKIM
Shyagyong-Rumtek,Rumtek B.O,737135,Gangtok,EAST SIKKIM,SIKKIM
Temphyak-Mendu,Rumtek B.O,737135,Gangtok,EAST SIKKIM,SIKKIM
Tumlabung,Middle Camp B.O,737135,Gangtok,EAST SIKKIM,SIKKIM
Namli,Ranipool S.O,737135,Gangtok,EAST SIKKIM,SIKKIM
Samlik-Marchak,Samlick-marchak B.O,737135,Gangtok,EAST SIKKIM,SIKKIM
Rangpo Forest Block,Majitar S.O,737136,Gangtok,EAST SIKKIM,SIKKIM
Singbel,Makha S.O,737138,Gangtok,EAST SIKKIM,SIKKIM
Tumen Forest Block,Makha S.O,737138,Gangtok,EAST SIKKIM,SIKKIM
Namphrik,Ben B.O,737139,Ravong,SOUTH SIKKIM,SIKKIM
Sangmo,Sangmoo B.O,737139,Ravong,SOUTH SIKKIM,SIKKIM
Rabong,Ravangla S.O,737139,Ravong,SOUTH SIKKIM,SIKKIM
Barfung,Barfung B.O,737139,Ravong,SOUTH SIKKIM,SIKKIM
Brong,Berang B.O,737139,Ravong,SOUTH SIKKIM,SIKKIM
Deythang,Ravangla S.O,737139,Ravong,SOUTH SIKKIM,SIKKIM
Mangbrue,Tingmoo B.O,737139,Ravong,SOUTH SIKKIM,SIKKIM
Tingmo,Tingmoo B.O,737139,Ravong,SOUTH SIKKIM,SIKKIM
Zarung,Ravangla S.O,737139,Ravong,SOUTH SIKKIM,SIKKIM
Beng,Ben B.O,737139,Gangtok,EAST SIKKIM,SIKKIM
Poley,Berang B.O,737139,Ravong,SOUTH SIKKIM,SIKKIM
Ralong,Ralang B.O,737139,Ravong,SOUTH SIKKIM,SIKKIM
Ravong,Ravangla S.O,737139,Ravong,SOUTH SIKKIM,SIKKIM
Kewzing,Kewzing B.O,737139,Ravong,SOUTH SIKKIM,SIKKIM
Lamting,Tingmoo B.O,737139,Ravong,SOUTH SIKKIM,SIKKIM
Phamthang,Phamtam B.O,737139,Ravong,SOUTH SIKKIM,SIKKIM
Rayong,Ravangla S.O,737139,Ravong,SOUTH SIKKIM,SIKKIM
Tinkitam,Tinkitam B.O,737139,Ravong,SOUTH SIKKIM,SIKKIM
Rabongla Forest Block,Ravangla S.O,737139,Ravong,SOUTH SIKKIM,SIKKIM
Ralong Monastery,Ralang B.O,737139,Ravong,SOUTH SIKKIM,SIKKIM
